x_from_bow_mm,depth_below_DWL_mm
1.008397014000000354e+03,6.572799999999999976e+00
1.011661914000000365e+03,6.572799999999999976e+00
1.014926814000000377e+03,6.572799999999999976e+00
1.018191714000000388e+03,9.389714285714283903e+00
1.021456614000000400e+03,1.079817142857142720e+01
1.024721514000000298e+03,1.314559999999999818e+01
1.027986414000000423e+03,1.549302857142857093e+01
1.031251314000000320e+03,1.784045714285714013e+01
1.034516214000000446e+03,2.018788571428571288e+01
1.037781114000000343e+03,2.112685714285714056e+01
1.041046014000000469e+03,2.347428571428571331e+01
1.044310914000000366e+03,2.582171428571428251e+01
1.047575814000000491e+03,2.723017142857142403e+01
1.050840714000000389e+03,2.863862857142856555e+01
1.054105614000000287e+03,3.004708571428570707e+01
1.057370514000000412e+03,3.145554285714285214e+01
1.060635414000000310e+03,3.427245714285713518e+01
1.063900314000000435e+03,3.568091428571428025e+01
1.067165214000000333e+03,3.708937142857141822e+01
1.070430114000000458e+03,3.849782857142856329e+01
1.073695014000000356e+03,3.990628571428570837e+01
1.076959914000000481e+03,4.225371428571427401e+01
1.080224814000000379e+03,4.460114285714284676e+01
1.083489714000000276e+03,4.554011428571428155e+01
1.086754614000000402e+03,4.788754285714285430e+01
1.090019514000000299e+03,5.023497142857142705e+01
1.093284414000000424e+03,5.258239999999999270e+01
1.096549314000000322e+03,5.492982857142856545e+01
1.099814214000000447e+03,5.633828571428571053e+01
1.103079114000000345e+03,5.915519999999999357e+01
1.106344014000000470e+03,6.197211428571428371e+01
1.109608914000000368e+03,6.338057142857142878e+01
1.112873814000000493e+03,6.478902857142857385e+01
1.116138714000000391e+03,6.619748571428571893e+01
1.119403614000000289e+03,6.854491428571428457e+01
1.122668514000000414e+03,7.089234285714285022e+01
1.125933414000000312e+03,7.183131428571428501e+01
1.129198314000000437e+03,7.277028571428570558e+01
1.132463214000000335e+03,7.370925714285714037e+01
1.135728114000000460e+03,7.464822857142856094e+01
1.138993014000000358e+03,7.699565714285712659e+01
1.142257914000000483e+03,7.840411428571427166e+01
1.145522814000000380e+03,7.981257142857141673e+01
1.148787714000000278e+03,8.122102857142854759e+01
1.152052614000000403e+03,8.262948571428569267e+01
1.155317514000000301e+03,8.544639999999998281e+01
1.158582414000000426e+03,8.826331428571427296e+01
1.161847314000000324e+03,8.967177142857141803e+01
1.165112214000000449e+03,9.108022857142856310e+01
1.168377114000000347e+03,9.248868571428570817e+01
1.171642014000000472e+03,9.483611428571428803e+01
1.174906914000000370e+03,9.718354285714286789e+01
1.178171814000000495e+03,9.812251428571428846e+01
1.181436714000000393e+03,9.906148571428572325e+01
1.184701614000000291e+03,1.000004571428571438e+02
1.187966514000000416e+03,1.009394285714285786e+02
1.191231414000000314e+03,1.032868571428571443e+02
1.194496314000000439e+03,1.046953142857142893e+02
1.197761214000000336e+03,1.061037714285714344e+02
1.201026114000000462e+03,1.075122285714285795e+02
1.204291014000000359e+03,1.089206857142857245e+02
1.207555914000000485e+03,1.117376000000000005e+02
1.210820814000000382e+03,1.145545142857142764e+02
1.214085714000000280e+03,1.159629714285714073e+02
1.217350614000000405e+03,1.173714285714285523e+02
1.220615514000000303e+03,1.187798857142856832e+02
1.223880414000000428e+03,1.201883428571428283e+02
1.227145314000000326e+03,1.215967999999999734e+02
1.230410214000000451e+03,1.215967999999999734e+02
1.233675114000000349e+03,1.225357714285714081e+02
1.236940014000000474e+03,1.234747428571428429e+02
1.240204914000000372e+03,1.244137142857142777e+02
1.243469814000000270e+03,1.253526857142857125e+02
1.246734714000000395e+03,1.262916571428571331e+02
1.249999614000000292e+03,1.272306285714285679e+02
1.253264514000000418e+03,1.281696000000000026e+02
1.256529414000000315e+03,1.281696000000000026e+02
1.259794314000000441e+03,1.295780571428571477e+02
1.263059214000000338e+03,1.309865142857142928e+02
1.266324114000000463e+03,1.323949714285714379e+02
1.269589014000000361e+03,1.338034285714285829e+02
1.272853914000000486e+03,1.352118857142857280e+02
1.276118814000000384e+03,1.380288000000000181e+02
1.279383714000000282e+03,1.408457142857142799e+02
1.282648614000000407e+03,1.422541714285714249e+02
1.285913514000000305e+03,1.436626285714285700e+02
1.289178414000000430e+03,1.450710857142857151e+02
1.292443314000000328e+03,1.464795428571428602e+02
1.295708214000000453e+03,1.478880000000000052e+02
1.298973114000000351e+03,1.478880000000000052e+02
1.302238014000000476e+03,1.488269714285714542e+02
1.305502914000000374e+03,1.497659428571428748e+02
1.308767814000000271e+03,1.507049142857142954e+02
1.312032714000000396e+03,1.516438857142857159e+02
1.315297614000000294e+03,1.525828571428571365e+02
1.318562514000000419e+03,1.535218285714285571e+02
1.321827414000000317e+03,1.544608000000000061e+02
1.325092314000000442e+03,1.544608000000000061e+02
1.328357214000000340e+03,1.558692571428571512e+02
1.331622114000000465e+03,1.572777142857142962e+02
1.334887014000000363e+03,1.586861714285714129e+02
1.338151914000000488e+03,1.600946285714285864e+02
1.341416814000000386e+03,1.615030857142857030e+02
1.344681714000000284e+03,1.629115428571428481e+02
1.347946614000000409e+03,1.657284571428571383e+02
1.351211514000000307e+03,1.671369142857142833e+02
1.354476414000000432e+03,1.685453714285714284e+02
1.357741314000000330e+03,1.699538285714285735e+02
1.361006214000000455e+03,1.713622857142857185e+02
1.364271114000000352e+03,1.727707428571428636e+02
1.367536014000000478e+03,1.741792000000000087e+02
1.370800914000000375e+03,1.741792000000000087e+02
1.374065814000000273e+03,1.751181714285714293e+02
1.377330714000000398e+03,1.760571428571428498e+02
1.380595614000000296e+03,1.769961142857142704e+02
1.383860514000000421e+03,1.779350857142856910e+02
1.387125414000000319e+03,1.788740571428571116e+02
1.390390314000000444e+03,1.798130285714285606e+02
1.393655214000000342e+03,1.807519999999999811e+02
1.396920114000000467e+03,1.807519999999999811e+02
1.400185014000000365e+03,1.807519999999999811e+02
1.403449914000000490e+03,1.807519999999999811e+02
1.406714814000000388e+03,1.821604571428571262e+02
1.409979714000000286e+03,1.835689142857142713e+02
1.413244614000000411e+03,1.849773714285714163e+02
1.416509514000000308e+03,1.863858285714285614e+02
1.419774414000000434e+03,1.877942857142857065e+02
1.423039314000000331e+03,1.892027428571428516e+02
1.426304214000000457e+03,1.906111999999999966e+02
1.429569114000000354e+03,1.906111999999999966e+02
1.432834014000000479e+03,1.906111999999999966e+02
1.436098914000000377e+03,1.906111999999999966e+02
1.439363814000000275e+03,1.906111999999999966e+02
1.442628714000000400e+03,1.920196571428571417e+02
1.445893614000000298e+03,1.934281142857142868e+02
1.449158514000000423e+03,1.948365714285714319e+02
1.452423414000000321e+03,1.962450285714285769e+02
1.455688314000000446e+03,1.976534857142857220e+02
1.458953214000000344e+03,1.990619428571428671e+02
1.462218114000000469e+03,2.004704000000000121e+02
1.465483014000000367e+03,2.004704000000000121e+02
1.468747914000000264e+03,2.004704000000000121e+02
1.472012814000000390e+03,2.004704000000000121e+02
1.475277714000000287e+03,2.004704000000000121e+02
1.478542614000000412e+03,2.014093714285714327e+02
1.481807514000000310e+03,2.023483428571428533e+02
1.485072414000000435e+03,2.032873142857142739e+02
1.488337314000000333e+03,2.042262857142856944e+02
1.491602214000000458e+03,2.051652571428571150e+02
1.494867114000000356e+03,2.061042285714285640e+02
1.498132014000000481e+03,2.070431999999999846e+02
1.501396914000000379e+03,2.070431999999999846e+02
1.504661814000000277e+03,2.070431999999999846e+02
1.507926714000000402e+03,2.070431999999999846e+02
1.511191614000000300e+03,2.084516571428571297e+02
1.514456514000000425e+03,2.098601142857142747e+02
1.517721414000000323e+03,2.112685714285714198e+02
1.520986314000000448e+03,2.126770285714285365e+02
1.524251214000000346e+03,2.140854857142856815e+02
1.527516114000000471e+03,2.154939428571428266e+02
1.530781014000000368e+03,2.169023999999999717e+02
1.534045914000000266e+03,2.169023999999999717e+02
1.537310814000000391e+03,2.169023999999999717e+02
1.540575714000000289e+03,2.169023999999999717e+02
1.543840614000000414e+03,2.169023999999999717e+02
1.547105514000000312e+03,2.169023999999999717e+02
1.550370414000000437e+03,2.169023999999999717e+02
1.553635314000000335e+03,2.169023999999999717e+02
1.556900214000000460e+03,2.183108571428571167e+02
1.560165114000000358e+03,2.197193142857142618e+02
1.563430014000000483e+03,2.211277714285714069e+02
1.566694914000000381e+03,2.225362285714285520e+02
1.569959814000000279e+03,2.239446857142856970e+02
1.573224714000000404e+03,2.253531428571428137e+02
1.576489614000000302e+03,2.267615999999999588e+02
1.579754514000000427e+03,2.267615999999999588e+02
1.583019414000000324e+03,2.267615999999999588e+02
1.586284314000000450e+03,2.267615999999999588e+02
1.589549214000000347e+03,2.267615999999999588e+02
1.592814114000000473e+03,2.267615999999999588e+02
1.596079014000000370e+03,2.267615999999999588e+02
1.599343914000000268e+03,2.277005714285713793e+02
1.602608814000000393e+03,2.286395428571427999e+02
1.605873714000000291e+03,2.295785142857142205e+02
1.609138614000000416e+03,2.305174857142856411e+02
1.612403514000000314e+03,2.314564571428570616e+02
1.615668414000000439e+03,2.323954285714284822e+02
1.618933314000000337e+03,2.333343999999999312e+02
1.622198214000000462e+03,2.333343999999999312e+02
1.625463114000000360e+03,2.333343999999999312e+02
1.628728014000000485e+03,2.333343999999999312e+02
1.631992914000000383e+03,2.333343999999999312e+02
1.635257814000000280e+03,2.347428571428570763e+02
1.638522714000000406e+03,2.361513142857142213e+02
1.641787614000000303e+03,2.375597714285713664e+02
1.645052514000000428e+03,2.389682285714285115e+02
1.648317414000000326e+03,2.403766857142856566e+02
1.651582314000000451e+03,2.417851428571428016e+02
1.654847214000000349e+03,2.431935999999999467e+02
1.658112114000000474e+03,2.431935999999999467e+02
1.661377014000000372e+03,2.431935999999999467e+02
1.664641914000000270e+03,2.431935999999999467e+02
1.667906814000000395e+03,2.431935999999999467e+02
1.671171714000000293e+03,2.431935999999999467e+02
1.674436614000000418e+03,2.431935999999999467e+02
1.677701514000000316e+03,2.431935999999999467e+02
1.680966414000000441e+03,2.431935999999999467e+02
1.684231314000000339e+03,2.431935999999999467e+02
1.687496214000000464e+03,2.431935999999999467e+02
1.690761114000000362e+03,2.431935999999999467e+02
1.694026014000000259e+03,2.431935999999999467e+02
1.697290914000000384e+03,2.431935999999999467e+02
1.700555814000000282e+03,2.431935999999999467e+02
1.703820714000000407e+03,2.446020571428570918e+02
1.707085614000000305e+03,2.460105142857142368e+02
1.710350514000000430e+03,2.474189714285713819e+02
1.713615414000000328e+03,2.488274285714285270e+02
1.716880314000000453e+03,2.502358857142856721e+02
1.720145214000000351e+03,2.516443428571428171e+02
1.723410114000000476e+03,2.530527999999999622e+02
1.726675014000000374e+03,2.530527999999999622e+02
1.729939914000000272e+03,2.530527999999999622e+02
1.733204814000000397e+03,2.530527999999999622e+02
1.736469714000000295e+03,2.530527999999999622e+02
1.739734614000000420e+03,2.530527999999999622e+02
1.742999514000000318e+03,2.530527999999999622e+02
1.746264414000000443e+03,2.530527999999999622e+02
1.749529314000000340e+03,2.530527999999999622e+02
1.752794214000000466e+03,2.530527999999999622e+02
1.756059114000000363e+03,2.530527999999999622e+02
1.759324014000000261e+03,2.530527999999999622e+02
1.762588914000000386e+03,2.530527999999999622e+02
1.765853814000000284e+03,2.530527999999999622e+02
1.769118714000000409e+03,2.530527999999999622e+02
1.772383614000000307e+03,2.530527999999999622e+02
1.775648514000000432e+03,2.530527999999999622e+02
1.778913414000000330e+03,2.530527999999999622e+02
1.782178314000000455e+03,2.530527999999999622e+02
1.785443214000000353e+03,2.530527999999999622e+02
1.788708114000000478e+03,2.530527999999999622e+02
1.791973014000000376e+03,2.530527999999999622e+02
1.795237914000000274e+03,2.530527999999999622e+02
1.798502814000000399e+03,2.539917714285714112e+02
1.801767714000000296e+03,2.549307428571428602e+02
1.805032614000000422e+03,2.558697142857143092e+02
1.808297514000000319e+03,2.568086857142857298e+02
1.811562414000000445e+03,2.577476571428571788e+02
1.814827314000000342e+03,2.586866285714286278e+02
1.818092214000000467e+03,2.596256000000000199e+02
1.821357114000000365e+03,2.596256000000000199e+02
1.824622014000000263e+03,2.596256000000000199e+02
1.827886914000000388e+03,2.596256000000000199e+02
1.831151814000000286e+03,2.596256000000000199e+02
1.834416714000000411e+03,2.596256000000000199e+02
1.837681614000000309e+03,2.596256000000000199e+02
1.840946514000000434e+03,2.596256000000000199e+02
1.844211414000000332e+03,2.596256000000000199e+02
1.847476314000000457e+03,2.596256000000000199e+02
1.850741214000000355e+03,2.596256000000000199e+02
1.854006114000000480e+03,2.596256000000000199e+02
1.857271014000000378e+03,2.596256000000000199e+02
1.860535914000000275e+03,2.596256000000000199e+02
1.863800814000000400e+03,2.596256000000000199e+02
1.867065714000000298e+03,2.596256000000000199e+02
1.870330614000000423e+03,2.610340571428571934e+02
1.873595514000000321e+03,2.624425142857143101e+02
1.876860414000000446e+03,2.638509714285714267e+02
1.880125314000000344e+03,2.652594285714285434e+02
1.883390214000000469e+03,2.666678857142856600e+02
1.886655114000000367e+03,2.680763428571428335e+02
1.889920014000000265e+03,2.694847999999999502e+02
1.893184914000000390e+03,2.694847999999999502e+02
1.896449814000000288e+03,2.694847999999999502e+02
1.899714714000000413e+03,2.694847999999999502e+02
1.902979614000000311e+03,2.694847999999999502e+02
1.906244514000000436e+03,2.694847999999999502e+02
1.909509414000000334e+03,2.694847999999999502e+02
1.912774314000000459e+03,2.694847999999999502e+02
1.916039214000000356e+03,2.694847999999999502e+02
1.919304114000000254e+03,2.694847999999999502e+02
1.922569014000000379e+03,2.694847999999999502e+02
1.925833914000000277e+03,2.694847999999999502e+02
1.929098814000000402e+03,2.694847999999999502e+02
1.932363714000000300e+03,2.694847999999999502e+02
1.935628614000000425e+03,2.694847999999999502e+02
1.938893514000000323e+03,2.694847999999999502e+02
1.942158414000000448e+03,2.694847999999999502e+02
1.945423314000000346e+03,2.694847999999999502e+02
1.948688214000000471e+03,2.708932571428571237e+02
1.951953114000000369e+03,2.723017142857142403e+02
1.955218014000000267e+03,2.737101714285714138e+02
1.958482914000000392e+03,2.751186285714285304e+02
1.961747814000000290e+03,2.765270857142856471e+02
1.965012714000000415e+03,2.779355428571428206e+02
1.968277614000000312e+03,2.793439999999999372e+02
1.971542514000000438e+03,2.793439999999999372e+02
1.974807414000000335e+03,2.793439999999999372e+02
1.978072314000000461e+03,2.793439999999999372e+02
1.981337214000000358e+03,2.793439999999999372e+02
1.984602114000000256e+03,2.793439999999999372e+02
1.987867014000000381e+03,2.793439999999999372e+02
1.991131914000000279e+03,2.793439999999999372e+02
1.994396814000000404e+03,2.793439999999999372e+02
1.997661714000000302e+03,2.793439999999999372e+02
2.000926614000000427e+03,2.793439999999999372e+02
2.004191514000000325e+03,2.793439999999999372e+02
2.007456414000000450e+03,2.793439999999999372e+02
2.010721314000000348e+03,2.793439999999999372e+02
2.013986214000000473e+03,2.793439999999999372e+02
2.017251114000000371e+03,2.793439999999999372e+02
2.020516014000000268e+03,2.793439999999999372e+02
2.023780914000000394e+03,2.793439999999999372e+02
2.027045814000000291e+03,2.802829714285713862e+02
2.030310714000000416e+03,2.812219428571428352e+02
2.033575614000000314e+03,2.821609142857142842e+02
2.036840514000000439e+03,2.830998857142857332e+02
2.040105414000000337e+03,2.840388571428571254e+02
2.043370314000000462e+03,2.849778285714285744e+02
2.046635214000000360e+03,2.859168000000000234e+02
2.049900114000000485e+03,2.859168000000000234e+02
2.053165014000000156e+03,2.859168000000000234e+02
2.056429914000000281e+03,2.859168000000000234e+02
2.059694814000000406e+03,2.859168000000000234e+02
2.062959714000000531e+03,2.859168000000000234e+02
2.066224614000000201e+03,2.859168000000000234e+02
2.069489514000000327e+03,2.859168000000000234e+02
2.072754414000000452e+03,2.859168000000000234e+02
2.076019314000000577e+03,2.859168000000000234e+02
2.079284214000000247e+03,2.859168000000000234e+02
2.082549114000000372e+03,2.859168000000000234e+02
2.085814014000000498e+03,2.859168000000000234e+02
2.089078914000000168e+03,2.859168000000000234e+02
2.092343814000000293e+03,2.859168000000000234e+02
2.095608714000000418e+03,2.859168000000000234e+02
2.098873614000000543e+03,2.859168000000000234e+02
2.102138514000000214e+03,2.859168000000000234e+02
2.105403414000000339e+03,2.873252571428571400e+02
2.108668314000000464e+03,2.887337142857143135e+02
2.111933214000000135e+03,2.901421714285714302e+02
2.115198114000000260e+03,2.915506285714286037e+02
2.118463014000000385e+03,2.929590857142857203e+02
2.121727914000000510e+03,2.943675428571428938e+02
2.124992814000000180e+03,2.957760000000000105e+02
2.128257714000000306e+03,2.957760000000000105e+02
2.131522614000000431e+03,2.957760000000000105e+02
2.134787514000000556e+03,2.957760000000000105e+02
2.138052414000000226e+03,2.957760000000000105e+02
2.141317314000000351e+03,2.957760000000000105e+02
2.144582214000000477e+03,2.957760000000000105e+02
2.147847114000000147e+03,2.957760000000000105e+02
2.151112014000000272e+03,2.957760000000000105e+02
2.154376914000000397e+03,2.957760000000000105e+02
2.157641814000000522e+03,2.957760000000000105e+02
2.160906714000000193e+03,2.957760000000000105e+02
2.164171614000000318e+03,2.957760000000000105e+02
2.167436514000000443e+03,2.957760000000000105e+02
2.170701414000000568e+03,2.957760000000000105e+02
2.173966314000000239e+03,2.957760000000000105e+02
2.177231214000000364e+03,2.957760000000000105e+02
2.180496114000000489e+03,2.957760000000000105e+02
2.183761014000000159e+03,2.971844571428571840e+02
2.187025914000000284e+03,2.985929142857143006e+02
2.190290814000000410e+03,3.000013714285714173e+02
2.193555714000000535e+03,3.014098285714285339e+02
2.196820614000000205e+03,3.028182857142856506e+02
2.200085514000000330e+03,3.042267428571427672e+02
2.203350414000000455e+03,3.056351999999999407e+02
2.206615314000000581e+03,3.056351999999999407e+02
2.209880214000000251e+03,3.056351999999999407e+02
2.213145114000000376e+03,3.056351999999999407e+02
2.216410014000000501e+03,3.056351999999999407e+02
2.219674914000000172e+03,3.056351999999999407e+02
2.222939814000000297e+03,3.056351999999999407e+02
2.226204714000000422e+03,3.056351999999999407e+02
2.229469614000000547e+03,3.056351999999999407e+02
2.232734514000000217e+03,3.056351999999999407e+02
2.235999414000000343e+03,3.056351999999999407e+02
2.239264314000000468e+03,3.056351999999999407e+02
2.242529214000000138e+03,3.056351999999999407e+02
2.245794114000000263e+03,3.056351999999999407e+02
2.249059014000000388e+03,3.056351999999999407e+02
2.252323914000000514e+03,3.065741714285713897e+02
2.255588814000000184e+03,3.075131428571428387e+02
2.258853714000000309e+03,3.084521142857142877e+02
2.262118614000000434e+03,3.093910857142857367e+02
2.265383514000000559e+03,3.103300571428571288e+02
2.268648414000000230e+03,3.112690285714285778e+02
2.271913314000000355e+03,3.122080000000000268e+02
2.275178214000000480e+03,3.122080000000000268e+02
2.278443114000000151e+03,3.122080000000000268e+02
2.281708014000000276e+03,3.122080000000000268e+02
2.284972914000000401e+03,3.122080000000000268e+02
2.288237814000000526e+03,3.122080000000000268e+02
2.291502714000000196e+03,3.122080000000000268e+02
2.294767614000000322e+03,3.122080000000000268e+02
2.298032514000000447e+03,3.122080000000000268e+02
2.301297414000000572e+03,3.122080000000000268e+02
2.304562314000000242e+03,3.122080000000000268e+02
2.307827214000000367e+03,3.122080000000000268e+02
2.311092114000000493e+03,3.122080000000000268e+02
2.314357014000000163e+03,3.122080000000000268e+02
2.317621914000000288e+03,3.122080000000000268e+02
2.320886814000000413e+03,3.122080000000000268e+02
2.324151714000000538e+03,3.122080000000000268e+02
2.327416614000000209e+03,3.122080000000000268e+02
2.330681514000000334e+03,3.136164571428571435e+02
2.333946414000000459e+03,3.150249142857142601e+02
2.337211314000000129e+03,3.164333714285714336e+02
2.340476214000000255e+03,3.178418285714285503e+02
2.343741114000000380e+03,3.192502857142857238e+02
2.347006014000000505e+03,3.206587428571428404e+02
2.350270914000000175e+03,3.220671999999999571e+02
2.353535814000000300e+03,3.220671999999999571e+02
2.356800714000000426e+03,3.220671999999999571e+02
2.360065614000000551e+03,3.220671999999999571e+02
2.363330514000000221e+03,3.220671999999999571e+02
2.366595414000000346e+03,3.220671999999999571e+02
2.369860314000000471e+03,3.220671999999999571e+02
2.373125214000000142e+03,3.220671999999999571e+02
2.376390114000000267e+03,3.220671999999999571e+02
2.379655014000000392e+03,3.220671999999999571e+02
2.382919914000000517e+03,3.220671999999999571e+02
2.386184814000000188e+03,3.220671999999999571e+02
2.389449714000000313e+03,3.220671999999999571e+02
2.392714614000000438e+03,3.220671999999999571e+02
2.395979514000000563e+03,3.220671999999999571e+02
2.399244414000000234e+03,3.234756571428571306e+02
2.402509314000000359e+03,3.248841142857143041e+02
2.405774214000000484e+03,3.262925714285714207e+02
2.409039114000000154e+03,3.277010285714285942e+02
2.412304014000000279e+03,3.291094857142857109e+02
2.415568914000000404e+03,3.305179428571428843e+02
2.418833814000000530e+03,3.319264000000000010e+02
2.422098714000000200e+03,3.319264000000000010e+02
2.425363614000000325e+03,3.319264000000000010e+02
2.428628514000000450e+03,3.319264000000000010e+02
2.431893414000000575e+03,3.319264000000000010e+02
2.435158314000000246e+03,3.319264000000000010e+02
2.438423214000000371e+03,3.319264000000000010e+02
2.441688114000000496e+03,3.319264000000000010e+02
2.444953014000000167e+03,3.319264000000000010e+02
2.448217914000000292e+03,3.319264000000000010e+02
2.451482814000000417e+03,3.319264000000000010e+02
2.454747714000000542e+03,3.319264000000000010e+02
2.458012614000000212e+03,3.319264000000000010e+02
2.461277514000000338e+03,3.319264000000000010e+02
2.464542414000000463e+03,3.319264000000000010e+02
2.467807314000000133e+03,3.319264000000000010e+02
2.471072214000000258e+03,3.319264000000000010e+02
2.474337114000000383e+03,3.319264000000000010e+02
2.477602014000000509e+03,3.328653714285713932e+02
2.480866914000000179e+03,3.338043428571427853e+02
2.484131814000000304e+03,3.347433142857142343e+02
2.487396714000000429e+03,3.356822857142856265e+02
2.490661614000000554e+03,3.366212571428570755e+02
2.493926514000000225e+03,3.375602285714285244e+02
2.497191414000000350e+03,3.384991999999999166e+02
2.500456314000000475e+03,3.384991999999999166e+02
2.503721214000000145e+03,3.384991999999999166e+02
2.506986114000000271e+03,3.384991999999999166e+02
2.510251014000000396e+03,3.384991999999999166e+02
2.513515914000000521e+03,3.384991999999999166e+02
2.516780814000000191e+03,3.384991999999999166e+02
2.520045714000000316e+03,3.384991999999999166e+02
2.523310614000000442e+03,3.384991999999999166e+02
2.526575514000000567e+03,3.384991999999999166e+02
2.529840414000000237e+03,3.384991999999999166e+02
2.533105314000000362e+03,3.384991999999999166e+02
2.536370214000000487e+03,3.384991999999999166e+02
2.539635114000000158e+03,3.384991999999999166e+02
2.542900014000000283e+03,3.384991999999999166e+02
2.546164914000000408e+03,3.384991999999999166e+02
2.549429814000000533e+03,3.399076571428570901e+02
2.552694714000000204e+03,3.413161142857142636e+02
2.555959614000000329e+03,3.427245714285714371e+02
2.559224514000000454e+03,3.441330285714285537e+02
2.562489414000000124e+03,3.455414857142857272e+02
2.565754314000000250e+03,3.469499428571428439e+02
2.569019214000000375e+03,3.483584000000000174e+02
2.572284114000000500e+03,3.483584000000000174e+02
2.575549014000000170e+03,3.483584000000000174e+02
2.578813914000000295e+03,3.483584000000000174e+02
2.582078814000000420e+03,3.483584000000000174e+02
2.585343714000000546e+03,3.483584000000000174e+02
2.588608614000000216e+03,3.483584000000000174e+02
2.591873514000000341e+03,3.483584000000000174e+02
2.595138414000000466e+03,3.483584000000000174e+02
2.598403314000000137e+03,3.483584000000000174e+02
2.601668214000000262e+03,3.483584000000000174e+02
2.604933114000000387e+03,3.483584000000000174e+02
2.608198014000000512e+03,3.483584000000000174e+02
2.611462914000000183e+03,3.483584000000000174e+02
2.614727814000000308e+03,3.483584000000000174e+02
2.617992714000000433e+03,3.497668571428571340e+02
2.621257614000000558e+03,3.511753142857142507e+02
2.624522514000000228e+03,3.525837714285714242e+02
2.627787414000000354e+03,3.539922285714285408e+02
2.631052314000000479e+03,3.554006857142857143e+02
2.634317214000000149e+03,3.568091428571428310e+02
2.637582114000000274e+03,3.582175999999999476e+02
2.640847014000000399e+03,3.582175999999999476e+02
2.644111914000000525e+03,3.582175999999999476e+02
2.647376814000000195e+03,3.582175999999999476e+02
2.650641714000000320e+03,3.582175999999999476e+02
2.653906614000000445e+03,3.582175999999999476e+02
2.657171514000000570e+03,3.582175999999999476e+02
2.660436414000000241e+03,3.582175999999999476e+02
2.663701314000000366e+03,3.582175999999999476e+02
2.666966214000000491e+03,3.582175999999999476e+02
2.670231114000000161e+03,3.582175999999999476e+02
2.673496014000000287e+03,3.582175999999999476e+02
2.676760914000000412e+03,3.582175999999999476e+02
2.680025814000000537e+03,3.582175999999999476e+02
2.683290714000000207e+03,3.582175999999999476e+02
2.686555614000000332e+03,3.591565714285713966e+02
2.689820514000000458e+03,3.600955428571428456e+02
2.693085414000000128e+03,3.610345142857142946e+02
2.696350314000000253e+03,3.619734857142856868e+02
2.699615214000000378e+03,3.629124571428571358e+02
2.702880114000000503e+03,3.638514285714285279e+02
2.706145014000000174e+03,3.647903999999999769e+02
2.709409914000000299e+03,3.647903999999999769e+02
2.712674814000000424e+03,3.647903999999999769e+02
2.715939713999999640e+03,3.647903999999999769e+02
2.719204613999999765e+03,3.647903999999999769e+02
2.722469513999999435e+03,3.647903999999999769e+02
2.725734413999999560e+03,3.647903999999999769e+02
2.728999313999999686e+03,3.647903999999999769e+02
2.732264213999999811e+03,3.647903999999999769e+02
2.735529113999999481e+03,3.647903999999999769e+02
2.738794013999999606e+03,3.647903999999999769e+02
2.742058913999999731e+03,3.647903999999999769e+02
2.745323813999999402e+03,3.647903999999999769e+02
2.748588713999999527e+03,3.647903999999999769e+02
2.751853613999999652e+03,3.647903999999999769e+02
2.755118513999999777e+03,3.647903999999999769e+02
2.758383413999999448e+03,3.647903999999999769e+02
2.761648313999999573e+03,3.647903999999999769e+02
2.764913213999999698e+03,3.647903999999999769e+02
2.768178113999999823e+03,3.647903999999999769e+02
2.771443013999999494e+03,3.647903999999999769e+02
2.774707913999999619e+03,3.661988571428571504e+02
2.777972813999999744e+03,3.676073142857143239e+02
2.781237713999999414e+03,3.690157714285714974e+02
2.784502613999999539e+03,3.704242285714285572e+02
2.787767513999999665e+03,3.718326857142857307e+02
2.791032413999999790e+03,3.732411428571429042e+02
2.794297313999999460e+03,3.746496000000000777e+02
2.797562213999999585e+03,3.746496000000000777e+02
2.800827113999999710e+03,3.746496000000000777e+02
2.804092013999999381e+03,3.746496000000000777e+02
2.807356913999999506e+03,3.746496000000000777e+02
2.810621813999999631e+03,3.746496000000000777e+02
2.813886713999999756e+03,3.746496000000000777e+02
2.817151613999999427e+03,3.760580571428571943e+02
2.820416513999999552e+03,3.774665142857143110e+02
2.823681413999999677e+03,3.788749714285714276e+02
2.826946313999999802e+03,3.802834285714285443e+02
2.830211213999999472e+03,3.816918857142857178e+02
2.833476113999999598e+03,3.831003428571428913e+02
2.836741013999999723e+03,3.845088000000000079e+02
2.840005913999999393e+03,3.845088000000000079e+02
2.843270813999999518e+03,3.845088000000000079e+02
2.846535713999999643e+03,3.845088000000000079e+02
2.849800613999999769e+03,3.845088000000000079e+02
2.853065513999999439e+03,3.845088000000000079e+02
2.856330413999999564e+03,3.845088000000000079e+02
2.859595313999999689e+03,3.845088000000000079e+02
2.862860213999999814e+03,3.854477714285714001e+02
2.866125113999999485e+03,3.863867428571428491e+02
2.869390013999999610e+03,3.873257142857141844e+02
2.872654913999999735e+03,3.882646857142856334e+02
2.875919813999999405e+03,3.892036571428570824e+02
2.879184713999999531e+03,3.901426285714285314e+02
2.882449613999999656e+03,3.910815999999998667e+02
2.885714513999999781e+03,3.910815999999998667e+02
2.888979413999999451e+03,3.910815999999998667e+02
2.892244313999999576e+03,3.910815999999998667e+02
2.895509213999999702e+03,3.924900571428570402e+02
2.898774113999999372e+03,3.938985142857142137e+02
2.902039013999999497e+03,3.953069714285713872e+02
2.905303913999999622e+03,3.967154285714285606e+02
2.908568813999999747e+03,3.981238857142856773e+02
2.911833713999999418e+03,3.995323428571428508e+02
2.915098613999999543e+03,4.009408000000000243e+02
2.918363513999999668e+03,4.009408000000000243e+02
2.921628413999999793e+03,4.009408000000000243e+02
2.924893313999999464e+03,4.009408000000000243e+02
2.928158213999999589e+03,4.009408000000000243e+02
2.931423113999999714e+03,4.023492571428571409e+02
2.934688013999999384e+03,4.037577142857143144e+02
2.937952913999999510e+03,4.051661714285714879e+02
2.941217813999999635e+03,4.065746285714286614e+02
2.944482713999999760e+03,4.079830857142857212e+02
2.947747613999999430e+03,4.093915428571428947e+02
2.951012513999999555e+03,4.108000000000000682e+02
2.954277413999999681e+03,4.108000000000000682e+02
2.957542313999999806e+03,4.108000000000000682e+02
2.960807213999999476e+03,4.108000000000000682e+02
2.964072113999999601e+03,4.108000000000000682e+02
2.967337013999999726e+03,4.117389714285714604e+02
2.970601913999999397e+03,4.126779428571428525e+02
2.973866813999999522e+03,4.136169142857142447e+02
2.977131713999999647e+03,4.145558857142856937e+02
2.980396613999999772e+03,4.154948571428570858e+02
2.983661513999999443e+03,4.164338285714285348e+02
2.986926413999999568e+03,4.173727999999999838e+02
2.990191313999999693e+03,4.173727999999999838e+02
2.993456213999999818e+03,4.173727999999999838e+02
2.996721113999999488e+03,4.173727999999999838e+02
2.999986013999999614e+03,4.187812571428571573e+02
3.003250913999999739e+03,4.201897142857142171e+02
3.006515813999999409e+03,4.215981714285713906e+02
3.009780713999999534e+03,4.230066285714284504e+02
3.013045613999999659e+03,4.244150857142856239e+02
3.016310513999999785e+03,4.258235428571427974e+02
3.019575413999999455e+03,4.272319999999998572e+02
3.022840313999999580e+03,4.272319999999998572e+02
3.026105213999999705e+03,4.286404571428570307e+02
3.029370113999999376e+03,4.300489142857142042e+02
3.032635013999999501e+03,4.314573714285713777e+02
3.035899913999999626e+03,4.328658285714285512e+02
3.039164813999999751e+03,4.342742857142856678e+02
3.042429713999999422e+03,4.356827428571428413e+02
3.045694613999999547e+03,4.370912000000000148e+02
3.048959513999999672e+03,4.370912000000000148e+02
3.052224413999999797e+03,4.380301714285714638e+02
3.055489313999999467e+03,4.389691428571429128e+02
3.058754213999999592e+03,4.399081142857143050e+02
3.062019113999999718e+03,4.408470857142857540e+02
3.065284013999999388e+03,4.417860571428571461e+02
3.068548913999999513e+03,4.427250285714285951e+02
3.071813813999999638e+03,4.436639999999999873e+02
3.075078713999999763e+03,4.436639999999999873e+02
3.078343613999999434e+03,4.450724571428571039e+02
3.081608513999999559e+03,4.464809142857142206e+02
3.084873413999999684e+03,4.478893714285713941e+02
3.088138313999999809e+03,4.492978285714285107e+02
3.091403213999999480e+03,4.507062857142856274e+02
3.094668113999999605e+03,4.521147428571427440e+02
3.097933013999999730e+03,4.535231999999999175e+02
3.101197913999999400e+03,4.535231999999999175e+02
3.104462813999999526e+03,4.549316571428570910e+02
3.107727713999999651e+03,4.563401142857142645e+02
3.110992613999999776e+03,4.577485714285714380e+02
3.114257513999999446e+03,4.591570285714286115e+02
3.117522413999999571e+03,4.605654857142857850e+02
3.120787313999999697e+03,4.619739428571429585e+02
3.124052213999999367e+03,4.643213714285714673e+02
3.127317113999999492e+03,4.652603428571428594e+02
3.130582013999999617e+03,4.661993142857142516e+02
3.133846913999999742e+03,4.671382857142856437e+02
3.137111813999999413e+03,4.680772571428570927e+02
3.140376713999999538e+03,4.690162285714284849e+02
3.143641613999999663e+03,4.699551999999999339e+02
3.146906513999999788e+03,4.699551999999999339e+02
3.150171413999999459e+03,4.713636571428571074e+02
3.153436313999999584e+03,4.727721142857142809e+02
3.156701213999999709e+03,4.741805714285714544e+02
3.159966113999999379e+03,4.755890285714286279e+02
3.163231013999999504e+03,4.769974857142857445e+02
3.166495913999999630e+03,4.798144000000000347e+02
3.169760813999999755e+03,4.826313142857142680e+02
3.173025713999999425e+03,4.840397714285713846e+02
3.176290613999999550e+03,4.854482285714285013e+02
3.179555513999999675e+03,4.868566857142856747e+02
3.182820413999999801e+03,4.882651428571427914e+02
3.186085313999999471e+03,4.896735999999999649e+02
3.189350213999999596e+03,4.896735999999999649e+02
3.192615113999999721e+03,4.906125714285714139e+02
3.195880013999999392e+03,4.915515428571428629e+02
3.199144913999999517e+03,4.924905142857143119e+02
3.202409813999999642e+03,4.934294857142857609e+02
3.205674713999999767e+03,4.943684571428571530e+02
3.208939613999999438e+03,4.967158857142857187e+02
3.212204513999999563e+03,4.990633142857142275e+02
3.215469413999999688e+03,5.004717714285713441e+02
3.218734313999999813e+03,5.018802285714284608e+02
3.221999213999999483e+03,5.032886857142856343e+02
3.225264113999999608e+03,5.046971428571427509e+02
3.228529013999999734e+03,5.075140571428570979e+02
3.231793913999999404e+03,5.089225142857142714e+02
3.235058813999999529e+03,5.103309714285714449e+02
3.238323713999999654e+03,5.117394285714286184e+02
3.241588613999999779e+03,5.131478857142857350e+02
3.244853513999999450e+03,5.154953142857143575e+02
3.248118413999999575e+03,5.178427428571428663e+02
3.251383313999999700e+03,5.187817142857142017e+02
3.254648213999999371e+03,5.197206857142856506e+02
3.257913113999999496e+03,5.206596571428570996e+02
3.261178013999999621e+03,5.230070857142856084e+02
3.264442913999999746e+03,5.253545142857142309e+02
3.267707813999999416e+03,5.267629714285714044e+02
3.270972713999999542e+03,5.281714285714285779e+02
3.274237613999999667e+03,5.295798857142856377e+02
3.277502513999999792e+03,5.309883428571428112e+02
3.280767413999999462e+03,5.338052571428571582e+02
3.284032313999999587e+03,5.352137142857142180e+02
3.287297213999999713e+03,5.366221714285713915e+02
3.290562113999999383e+03,5.380306285714284513e+02
3.293827013999999508e+03,5.394390857142856248e+02
3.297091913999999633e+03,5.417865142857142473e+02
3.300356813999999758e+03,5.441339428571427561e+02
3.303621713999999429e+03,5.450729142857142051e+02
3.306886613999999554e+03,5.460118857142856541e+02
3.310151513999999679e+03,5.469508571428571031e+02
3.313416413999999804e+03,5.492982857142857256e+02
3.316681313999999475e+03,5.516457142857142344e+02
3.319946213999999600e+03,5.530541714285714079e+02
3.323211113999999725e+03,5.558710857142856412e+02
3.326476013999999395e+03,5.586879999999998745e+02
3.329740913999999520e+03,5.615049142857142215e+02
3.333005813999999646e+03,5.643218285714285685e+02
3.336270713999999771e+03,5.657302857142856283e+02
3.339535613999999441e+03,5.680777142857142508e+02
3.342800513999999566e+03,5.704251428571427596e+02
3.346065413999999691e+03,5.713641142857142086e+02
3.349330313999999362e+03,5.723030857142855439e+02
3.352595213999999487e+03,5.732420571428569929e+02
3.355860113999999612e+03,5.741810285714284419e+02
3.359125013999999737e+03,5.765284571428570644e+02
3.362389913999999408e+03,5.779369142857142378e+02
3.365654813999999533e+03,5.807538285714285848e+02
3.368919713999999658e+03,5.835707428571428181e+02
3.372184613999999783e+03,5.863876571428570514e+02
3.375449513999999454e+03,5.892045714285713984e+02
3.378714413999999579e+03,5.920214857142856317e+02
3.381979313999999704e+03,5.934299428571426915e+02
3.385244213999999374e+03,5.957773714285713140e+02
3.388509113999999499e+03,5.967163428571427630e+02
3.391774013999999625e+03,5.990637714285713855e+02
3.395038913999999750e+03,6.014111999999998943e+02
3.398303813999999420e+03,6.037586285714284031e+02
3.401568713999999545e+03,6.061060571428570256e+02
3.404833613999999670e+03,6.084534857142855344e+02
3.408098513999999795e+03,6.098619428571427079e+02
3.411363413999999466e+03,6.126788571428570549e+02
3.414628313999999591e+03,6.140873142857142284e+02
3.417893213999999716e+03,6.164347428571428509e+02
3.421158113999999387e+03,6.187821714285714734e+02
3.424423013999999512e+03,6.211295999999999822e+02
3.427687913999999637e+03,6.234770285714286047e+02
3.430952813999999762e+03,6.258244571428572272e+02
3.434217713999999432e+03,6.267634285714286762e+02
3.437482613999999558e+03,6.291108571428571850e+02
3.440747513999999683e+03,6.305193142857142448e+02
3.444012413999999808e+03,6.333362285714284781e+02
3.447277313999999478e+03,6.361531428571428251e+02
3.450542213999999603e+03,6.389700571428570584e+02
3.453807113999999729e+03,6.417869714285712917e+02
3.457072013999999399e+03,6.446038857142855250e+02
3.460336913999999524e+03,6.460123428571426984e+02
3.463601813999999649e+03,6.483597714285713209e+02
3.466866713999999774e+03,6.492987428571427699e+02
3.470131613999999445e+03,6.516461714285713924e+02
3.473396513999999570e+03,6.539936000000000149e+02
3.476661413999999695e+03,6.563410285714285237e+02
3.479926313999999365e+03,6.600969142857143197e+02
3.483191213999999491e+03,6.638527999999998883e+02
3.486456113999999616e+03,6.666697142857142353e+02
3.489721013999999741e+03,6.694866285714283549e+02
3.492985913999999411e+03,6.708950857142856421e+02
3.496250813999999536e+03,6.732425142857141509e+02
3.499515713999999662e+03,6.755899428571427734e+02
3.502780613999999787e+03,6.765289142857142224e+02
3.506045513999999457e+03,6.788763428571428449e+02
3.509310413999999582e+03,6.812237714285714674e+02
3.512575313999999707e+03,6.835711999999999762e+02
3.515840213999999378e+03,6.873270857142856585e+02
3.519105113999999503e+03,6.901440000000000055e+02
3.522370013999999628e+03,6.938998857142856878e+02
3.525634913999999753e+03,6.976557714285714837e+02
3.528899813999999424e+03,7.000031999999999925e+02
3.532164713999999549e+03,7.023506285714286150e+02
3.535429613999999674e+03,7.046980571428571238e+02
3.538694513999999799e+03,7.056370285714285728e+02
3.541959413999999470e+03,7.093929142857142551e+02
3.545224313999999595e+03,7.122098285714284884e+02
3.548489213999999720e+03,7.150267428571428354e+02
3.551754113999999390e+03,7.178436571428570687e+02
3.555019013999999515e+03,7.206605714285714157e+02
3.558283913999999641e+03,7.244164571428570980e+02
3.561548813999999766e+03,7.281723428571428940e+02
3.564813713999999436e+03,7.291113142857143430e+02
3.568078613999999561e+03,7.314587428571429655e+02
3.571343513999999686e+03,7.338061714285714743e+02
3.574608413999999357e+03,7.375620571428571566e+02
3.577873313999999482e+03,7.413179428571427252e+02
3.581138213999999607e+03,7.441348571428569585e+02
3.584403113999999732e+03,7.478907428571427545e+02
3.587668013999999403e+03,7.516466285714284368e+02
3.590932913999999528e+03,7.539940571428570593e+02
3.594197813999999653e+03,7.577499428571427416e+02
3.597462713999999778e+03,7.600973714285713640e+02
3.600727613999999448e+03,7.638532571428571600e+02
3.603992513999999574e+03,7.676091428571429560e+02
3.607257413999999699e+03,7.704260571428571893e+02
3.610522313999999369e+03,7.741819428571427579e+02
3.613787213999999494e+03,7.779378285714285539e+02
3.617052113999999619e+03,7.802852571428570627e+02
3.620317013999999745e+03,7.854496000000000322e+02
3.623581913999999415e+03,7.892054857142857145e+02
3.626846813999999540e+03,7.929613714285713968e+02
3.630111713999999665e+03,7.967172571428570791e+02
3.633376613999999790e+03,7.995341714285714261e+02
3.636641513999999461e+03,8.046985142857142819e+02
3.639906413999999586e+03,8.098628571428571377e+02
3.643171313999999711e+03,8.122102857142858738e+02
3.646436213999999381e+03,8.145577142857143826e+02
3.649701113999999507e+03,8.169051428571428914e+02
3.652966013999999632e+03,8.215999999999999091e+02
3.656230913999999757e+03,8.262948571428571540e+02
3.659495813999999427e+03,8.286422857142856628e+02
3.662760713999999552e+03,8.323981714285714588e+02
3.666025613999999678e+03,8.361540571428571411e+02
3.669290513999999803e+03,8.399099428571428234e+02
3.672555413999999473e+03,8.450742857142856792e+02
3.675820313999999598e+03,8.478912000000000262e+02
3.679085213999999723e+03,8.516470857142857085e+02
3.682350113999999394e+03,8.554029714285712771e+02
3.685615013999999519e+03,8.577503999999998996e+02
3.688879913999999644e+03,8.615062857142856956e+02
3.692144813999999769e+03,8.652621714285713779e+02
3.695409713999999440e+03,8.676096000000000004e+02
3.698674613999999565e+03,8.713654857142856827e+02
3.701939513999999690e+03,8.741824000000000296e+02
3.705204413999999360e+03,8.779382857142857119e+02
3.708469313999999486e+03,8.816941714285715079e+02
3.711734213999999611e+03,8.840416000000001304e+02
3.714999113999999736e+03,8.877974857142856990e+02
3.718264013999999406e+03,8.915533714285712676e+02
3.721528913999999531e+03,8.939007999999998901e+02
3.724793813999999657e+03,8.976566857142855724e+02
3.728058713999999782e+03,9.004735999999999194e+02
3.731323613999999452e+03,9.042294857142856017e+02
3.734588513999999577e+03,9.079853714285713977e+02
3.737853413999999702e+03,9.103327999999999065e+02
3.741118313999999373e+03,9.140886857142857025e+02
3.744383213999999498e+03,9.178445714285714985e+02
3.747648113999999623e+03,9.201920000000001210e+02
3.750913013999999748e+03,9.239478857142858033e+02
3.754177913999999419e+03,9.267648000000000366e+02
3.757442813999999544e+03,9.305206857142857189e+02
3.760707713999999669e+03,9.342765714285712875e+02
3.763972613999999794e+03,9.366239999999999100e+02
3.767237513999999464e+03,9.403798857142855923e+02
3.770502413999999590e+03,9.441357714285713882e+02
3.773767313999999715e+03,9.464832000000000107e+02
3.777032213999999385e+03,9.502390857142858067e+02
3.780297113999999510e+03,9.530560000000000400e+02
3.783562013999999635e+03,9.568118857142857223e+02
3.786826913999999761e+03,9.605677714285714046e+02
3.790091813999999431e+03,9.629151999999999134e+02
3.793356713999999556e+03,9.666710857142855957e+02
3.796621613999999681e+03,9.704269714285712780e+02
3.799886513999999352e+03,9.727743999999997868e+02
3.803151413999999477e+03,9.765302857142855828e+02
3.806416313999999602e+03,9.793471999999999298e+02
3.809681213999999727e+03,9.831030857142857258e+02
3.812946113999999397e+03,9.868589714285715218e+02
3.816211013999999523e+03,9.892064000000000306e+02
3.819475913999999648e+03,9.929622857142858265e+02
3.822740813999999773e+03,9.967181714285713952e+02
3.826005713999999443e+03,9.990655999999999040e+02
3.829270613999999568e+03,1.002821485714285586e+03
3.832535513999999694e+03,1.005638399999999820e+03
3.835800413999999364e+03,1.009394285714285616e+03
3.839065313999999489e+03,1.013150171428571412e+03
3.842330213999999614e+03,1.015497599999999920e+03
3.845595113999999739e+03,1.019253485714285716e+03
3.848860013999999410e+03,1.023009371428571399e+03
3.852124913999999535e+03,1.025356800000000021e+03
3.855389813999999660e+03,1.029112685714285817e+03
3.858654713999999785e+03,1.031929599999999937e+03
3.861919613999999456e+03,1.035685485714285733e+03
3.865184513999999581e+03,1.039441371428571301e+03
3.868449413999999706e+03,1.041788799999999810e+03
3.871714313999999376e+03,1.044136228571428546e+03
3.874979213999999502e+03,1.046483657142857055e+03
3.878244113999999627e+03,1.047422628571428504e+03
3.881509013999999752e+03,1.049770057142857013e+03
3.884773913999999422e+03,1.051178514285714300e+03
3.888038813999999547e+03,1.053995428571428420e+03
3.891303713999999673e+03,1.056812342857142767e+03
3.894568613999999343e+03,1.059629257142857114e+03
3.897833513999999468e+03,1.063385142857142910e+03
3.901098413999999593e+03,1.067141028571428706e+03
3.904363313999999718e+03,1.069488457142857214e+03
3.907628213999999389e+03,1.073244342857143010e+03
3.910893113999999514e+03,1.075591771428571519e+03
3.914158013999999639e+03,1.079347657142857088e+03
3.917422913999999764e+03,1.083103542857142656e+03
3.920687813999999435e+03,1.085920457142857231e+03
3.923952713999999560e+03,1.089676342857142799e+03
3.927217613999999685e+03,1.093432228571428368e+03
3.930482513999999355e+03,1.095779657142857104e+03
3.933747413999999480e+03,1.099535542857142900e+03
3.937012313999999606e+03,1.101882971428571409e+03
3.940277213999999731e+03,1.104230400000000145e+03
3.943542113999999401e+03,1.106577828571428654e+03
3.946807013999999526e+03,1.107986285714285714e+03
3.950071913999999651e+03,1.110803200000000061e+03
3.953336813999999777e+03,1.113620114285714408e+03
3.956601713999999447e+03,1.115028571428571468e+03
3.959866613999999572e+03,1.117375999999999976e+03
3.963131513999999697e+03,1.119723428571428485e+03
3.966396413999999368e+03,1.123479314285714054e+03
3.969661313999999493e+03,1.127235199999999850e+03
3.972926213999999618e+03,1.129582628571428586e+03
3.976191113999999743e+03,1.133338514285714382e+03
3.979456013999999413e+03,1.137094399999999951e+03
3.982720913999999539e+03,1.139911314285714298e+03
3.985985813999999664e+03,1.143667200000000093e+03
3.989250713999999789e+03,1.146014628571428602e+03
3.992515613999999459e+03,1.148362057142857111e+03
3.995780513999999584e+03,1.150709485714285620e+03
3.999045413999999710e+03,1.151648457142857069e+03
4.002310313999999380e+03,1.153995885714285578e+03
4.005575213999999505e+03,1.156343314285714087e+03
4.008840113999999630e+03,1.157751771428571374e+03
4.012105013999999755e+03,1.160568685714285493e+03
4.015369913999999426e+03,1.163385599999999840e+03
4.018634813999999551e+03,1.167141485714285636e+03
4.021899713999999676e+03,1.170897371428571432e+03
4.025164613999999347e+03,1.173244799999999941e+03
4.028429513999999472e+03,1.177000685714285737e+03
4.031694413999999597e+03,1.180756571428571306e+03
4.034959313999999722e+03,1.183103999999999814e+03
4.038224213999999392e+03,1.186859885714285610e+03
4.041489113999999518e+03,1.189676799999999957e+03
4.044754013999999643e+03,1.192493714285714077e+03
4.048018913999999768e+03,1.195310628571428424e+03
4.051283813999999438e+03,1.196719085714285711e+03
4.054548713999999563e+03,1.199066514285714220e+03
4.057813613999999689e+03,1.201413942857142956e+03
4.061078513999999359e+03,1.202352914285714178e+03
4.064343413999999484e+03,1.204700342857142914e+03
4.067608313999999609e+03,1.207047771428571195e+03
4.070873213999999734e+03,1.210803657142857219e+03
4.074138113999999405e+03,1.214559542857143015e+03
4.077403013999999530e+03,1.217376457142857134e+03
4.080667913999999655e+03,1.220193371428571481e+03
4.083932813999999780e+03,1.223010285714285601e+03
4.087197713999999451e+03,1.224418742857142661e+03
4.090462613999999576e+03,1.226766171428571397e+03
4.093727513999999701e+03,1.227705142857142846e+03
4.096992413999999371e+03,1.228644114285714295e+03
4.100257313999999496e+03,1.229583085714285744e+03
4.103522213999999622e+03,1.230522057142857193e+03
4.106787113999999747e+03,1.232869485714285702e+03
4.110052013999999872e+03,1.235216914285714211e+03
4.113316913999999997e+03,1.236625371428571270e+03
4.116581813999999213e+03,1.239442285714285617e+03
4.119846713999999338e+03,1.242259199999999737e+03
4.123111613999999463e+03,1.245076114285714084e+03
4.126376513999999588e+03,1.247893028571428431e+03
4.129641413999999713e+03,1.249301485714285718e+03
4.132906313999999838e+03,1.251648914285714227e+03
4.136171213999999964e+03,1.253996342857142736e+03
4.139436113999999179e+03,1.254935314285714185e+03
4.142701013999999304e+03,1.255874285714285406e+03
4.145965913999999430e+03,1.256813257142856855e+03
4.149230813999999555e+03,1.259160685714285592e+03
4.152495713999999680e+03,1.261508114285714328e+03
4.155760613999999805e+03,1.262916571428571388e+03
4.159025513999999930e+03,1.264325028571428675e+03
4.162290413999999146e+03,1.265733485714285735e+03
4.165555313999999271e+03,1.267141942857142794e+03
4.168820213999999396e+03,1.269958857142857141e+03
4.172085113999999521e+03,1.271367314285714201e+03
4.175350013999999646e+03,1.273714742857142710e+03
4.178614913999999771e+03,1.276062171428571446e+03
4.181879813999999897e+03,1.278409599999999955e+03
4.185144713999999112e+03,1.280757028571428464e+03
4.188409613999999237e+03,1.283104457142857200e+03
4.191674513999999363e+03,1.284043428571428649e+03
4.194939413999999488e+03,1.286390857142857158e+03
4.198204313999999613e+03,1.287799314285714217e+03
4.201469213999999738e+03,1.289207771428571277e+03
4.204734113999999863e+03,1.290616228571428337e+03
4.207999013999999988e+03,1.292024685714285397e+03
4.211263913999999204e+03,1.294841599999999971e+03
4.214528813999999329e+03,1.297658514285714318e+03
4.217793713999999454e+03,1.299066971428571378e+03
4.221058613999999579e+03,1.300475428571428665e+03
4.224323513999999705e+03,1.301883885714285725e+03
4.227588413999999830e+03,1.304231314285714234e+03
4.230853313999999955e+03,1.306578742857142515e+03
4.234118213999999170e+03,1.307517714285714192e+03
4.237383113999999296e+03,1.308456685714285413e+03
4.240648013999999421e+03,1.309395657142857090e+03
4.243912913999999546e+03,1.310334628571428311e+03
4.247177813999999671e+03,1.311273599999999988e+03
4.250442713999999796e+03,1.311273599999999988e+03
4.253707613999999921e+03,1.312682057142857047e+03
4.256972513999999137e+03,1.314090514285714335e+03
4.260237413999999262e+03,1.315498971428571394e+03
4.263502313999999387e+03,1.316907428571428454e+03
4.266767213999999512e+03,1.318315885714285741e+03
4.270032113999999638e+03,1.319724342857143029e+03
4.273297013999999763e+03,1.321132800000000088e+03
4.276561913999999888e+03,1.321132800000000088e+03
4.279826814000000013e+03,1.322541257142857148e+03
4.283091713999999229e+03,1.323949714285714208e+03
4.286356613999999354e+03,1.325358171428571268e+03
4.289621513999999479e+03,1.326766628571428328e+03
4.292886413999999604e+03,1.328175085714285387e+03
4.296151313999999729e+03,1.329583542857142675e+03
4.299416213999999854e+03,1.330991999999999734e+03
4.302681113999999980e+03,1.330991999999999734e+03
4.305946013999999195e+03,1.331930971428571183e+03
4.309210913999999320e+03,1.332869942857142632e+03
4.312475813999999446e+03,1.333808914285714081e+03
4.315740713999999571e+03,1.334747885714285530e+03
4.319005613999999696e+03,1.335686857142856979e+03
4.322270513999999821e+03,1.336625828571428428e+03
4.325535413999999946e+03,1.337564799999999877e+03
4.328800313999999162e+03,1.337564799999999877e+03
4.332065213999999287e+03,1.338973257142857165e+03
4.335330113999999412e+03,1.340381714285714224e+03
4.338595013999999537e+03,1.341790171428571284e+03
4.341859913999999662e+03,1.343198628571428344e+03
4.345124813999999787e+03,1.344607085714285404e+03
4.348389713999999913e+03,1.346015542857142464e+03
4.351654613999999128e+03,1.347423999999999978e+03
4.354919513999999253e+03,1.347423999999999978e+03
4.358184413999999379e+03,1.348832457142857038e+03
4.361449313999999504e+03,1.350240914285714325e+03
4.364714213999999629e+03,1.351649371428571385e+03
4.367979113999999754e+03,1.353057828571428445e+03
4.371244013999999879e+03,1.354466285714285732e+03
4.374508914000000004e+03,1.355874742857143019e+03
4.377773813999999220e+03,1.357283200000000079e+03
4.381038713999999345e+03,1.357283200000000079e+03
4.384303613999999470e+03,1.357283200000000079e+03
4.387568513999999595e+03,1.357283200000000079e+03
4.390833413999999721e+03,1.357283200000000079e+03
4.394098313999999846e+03,1.357283200000000079e+03
4.397363213999999971e+03,1.357283200000000079e+03
4.400628113999999186e+03,1.357283200000000079e+03
4.403893013999999312e+03,1.357283200000000079e+03
4.407157913999999437e+03,1.357283200000000079e+03
4.410422813999999562e+03,1.358222171428571528e+03
4.413687713999999687e+03,1.359161142857142977e+03
4.416952613999999812e+03,1.360100114285714426e+03
4.420217513999999937e+03,1.361039085714285875e+03
4.423482413999999153e+03,1.361978057142857324e+03
4.426747313999999278e+03,1.362917028571428546e+03
4.430012213999999403e+03,1.363855999999999995e+03
4.433277113999999528e+03,1.363855999999999995e+03
4.436542013999999654e+03,1.363855999999999995e+03
4.439806913999999779e+03,1.363855999999999995e+03
4.443071813999999904e+03,1.363855999999999995e+03
4.446336713999999120e+03,1.363855999999999995e+03
4.449601613999999245e+03,1.363855999999999995e+03
4.452866513999999370e+03,1.363855999999999995e+03
4.456131413999999495e+03,1.365264457142857054e+03
4.459396313999999620e+03,1.366672914285714114e+03
4.462661213999999745e+03,1.368081371428571174e+03
4.465926113999999870e+03,1.369489828571428234e+03
4.469191013999999996e+03,1.370898285714285521e+03
4.472455913999999211e+03,1.372306742857142581e+03
4.475720813999999336e+03,1.373715199999999868e+03
4.478985713999999462e+03,1.373715199999999868e+03
4.482250613999999587e+03,1.373715199999999868e+03
4.485515513999999712e+03,1.373715199999999868e+03
4.488780413999999837e+03,1.373715199999999868e+03
4.492045313999999962e+03,1.373715199999999868e+03
4.495310213999999178e+03,1.373715199999999868e+03
4.498575113999999303e+03,1.373715199999999868e+03
4.501840013999999428e+03,1.373715199999999868e+03
4.505104913999999553e+03,1.373715199999999868e+03
4.508369813999999678e+03,1.373715199999999868e+03
4.511634713999999803e+03,1.373715199999999868e+03
4.514899613999999929e+03,1.373715199999999868e+03
4.518164513999999144e+03,1.373715199999999868e+03
4.521429413999999269e+03,1.373715199999999868e+03
4.524694313999999395e+03,1.373715199999999868e+03
4.527959213999999520e+03,1.373715199999999868e+03
4.531224113999999645e+03,1.373715199999999868e+03
4.534489013999999770e+03,1.375123657142857155e+03
4.537753913999999895e+03,1.376532114285714215e+03
4.541018813999999111e+03,1.377940571428571275e+03
4.544283713999999236e+03,1.379349028571428335e+03
4.547548613999999361e+03,1.380757485714285394e+03
4.550813513999999486e+03,1.382165942857142454e+03
4.554078413999999611e+03,1.383574399999999969e+03
4.557343313999999737e+03,1.383574399999999969e+03
4.560608213999999862e+03,1.383574399999999969e+03
4.563873113999999987e+03,1.383574399999999969e+03
4.567138013999999202e+03,1.383574399999999969e+03
4.570402913999999328e+03,1.383574399999999969e+03
4.573667813999999453e+03,1.383574399999999969e+03
4.576932713999999578e+03,1.383574399999999969e+03
4.580197613999999703e+03,1.383574399999999969e+03
4.583462513999999828e+03,1.383574399999999969e+03
4.586727413999999953e+03,1.383574399999999969e+03
4.589992313999999169e+03,1.383574399999999969e+03
4.593257213999999294e+03,1.383574399999999969e+03
4.596522113999999419e+03,1.383574399999999969e+03
4.599787013999999544e+03,1.383574399999999969e+03
4.603051913999999670e+03,1.383574399999999969e+03
4.606316813999999795e+03,1.383574399999999969e+03
4.609581713999999920e+03,1.383574399999999969e+03
4.612846613999999136e+03,1.383574399999999969e+03
4.616111513999999261e+03,1.383574399999999969e+03
4.619376413999999386e+03,1.383574399999999969e+03
4.622641313999999511e+03,1.383574399999999969e+03
4.625906213999999636e+03,1.383574399999999969e+03
4.629171113999999761e+03,1.384513371428571190e+03
4.632436013999999886e+03,1.385452342857142639e+03
4.635700913999999102e+03,1.386391314285714088e+03
4.638965813999999227e+03,1.387330285714285537e+03
4.642230713999999352e+03,1.388269257142856986e+03
4.645495613999999478e+03,1.389208228571428435e+03
4.648760513999999603e+03,1.390147199999999657e+03
4.652025413999999728e+03,1.390147199999999657e+03
4.655290313999999853e+03,1.390147199999999657e+03
4.658555213999999978e+03,1.390147199999999657e+03
4.661820113999999194e+03,1.390147199999999657e+03
4.665085013999999319e+03,1.390147199999999657e+03
4.668349913999999444e+03,1.390147199999999657e+03
4.671614813999999569e+03,1.390147199999999657e+03
4.674879713999999694e+03,1.390147199999999657e+03
4.678144613999999819e+03,1.390147199999999657e+03
4.681409513999999945e+03,1.390147199999999657e+03
4.684674413999999160e+03,1.390147199999999657e+03
4.687939313999999285e+03,1.390147199999999657e+03
4.691204213999999411e+03,1.390147199999999657e+03
4.694469113999999536e+03,1.390147199999999657e+03
4.697734013999999661e+03,1.390147199999999657e+03
4.700998913999999786e+03,1.390147199999999657e+03
4.704263813999999911e+03,1.390147199999999657e+03
4.707528713999999127e+03,1.390147199999999657e+03
4.710793613999999252e+03,1.390147199999999657e+03
4.714058513999999377e+03,1.390147199999999657e+03
4.717323413999999502e+03,1.390147199999999657e+03
4.720588313999999627e+03,1.390147199999999657e+03
4.723853213999999753e+03,1.390147199999999657e+03
4.727118113999999878e+03,1.390147199999999657e+03
4.730383013999999093e+03,1.390147199999999657e+03
4.733647913999999219e+03,1.390147199999999657e+03
4.736912813999999344e+03,1.390147199999999657e+03
4.740177713999999469e+03,1.390147199999999657e+03
4.743442613999999594e+03,1.390147199999999657e+03
4.746707513999999719e+03,1.390147199999999657e+03
4.749972413999999844e+03,1.390147199999999657e+03
4.753237313999999969e+03,1.390147199999999657e+03
4.756502213999999185e+03,1.390147199999999657e+03
4.759767113999999310e+03,1.390147199999999657e+03
4.763032013999999435e+03,1.390147199999999657e+03
4.766296913999999560e+03,1.390147199999999657e+03
4.769561813999999686e+03,1.390147199999999657e+03
4.772826713999999811e+03,1.390147199999999657e+03
4.776091613999999936e+03,1.390147199999999657e+03
4.779356513999999152e+03,1.390147199999999657e+03
4.782621413999999277e+03,1.390147199999999657e+03
4.785886313999999402e+03,1.390147199999999657e+03
4.789151213999999527e+03,1.390147199999999657e+03
4.792416113999999652e+03,1.390147199999999657e+03
4.795681013999999777e+03,1.391555657142856944e+03
4.798945913999999902e+03,1.392964114285714231e+03
4.802210813999999118e+03,1.394372571428571291e+03
4.805475713999999243e+03,1.395781028571428578e+03
4.808740613999999368e+03,1.397189485714285638e+03
4.812005513999999494e+03,1.398597942857142925e+03
4.815270413999999619e+03,1.400006399999999985e+03
4.818535313999999744e+03,1.400006399999999985e+03
4.821800213999999869e+03,1.400006399999999985e+03
4.825065113999999994e+03,1.400006399999999985e+03
4.828330013999999210e+03,1.400006399999999985e+03
4.831594913999999335e+03,1.400006399999999985e+03
4.834859813999999460e+03,1.400006399999999985e+03
4.838124713999999585e+03,1.400006399999999985e+03
4.841389613999999710e+03,1.400006399999999985e+03
4.844654513999999836e+03,1.400006399999999985e+03
4.847919413999999961e+03,1.400006399999999985e+03
4.851184313999999176e+03,1.400006399999999985e+03
4.854449213999999301e+03,1.400006399999999985e+03
4.857714113999999427e+03,1.400006399999999985e+03
4.860979013999999552e+03,1.400006399999999985e+03
4.864243913999999677e+03,1.400006399999999985e+03
4.867508813999999802e+03,1.400006399999999985e+03
4.870773713999999927e+03,1.400006399999999985e+03
4.874038613999999143e+03,1.400006399999999985e+03
4.877303513999999268e+03,1.400006399999999985e+03
4.880568413999999393e+03,1.400006399999999985e+03
4.883833313999999518e+03,1.400006399999999985e+03
4.887098213999999643e+03,1.400006399999999985e+03
4.890363113999999769e+03,1.400006399999999985e+03
4.893628013999999894e+03,1.400006399999999985e+03
4.896892913999999109e+03,1.400006399999999985e+03
4.900157813999999235e+03,1.400006399999999985e+03
4.903422713999999360e+03,1.400006399999999985e+03
4.906687613999999485e+03,1.400006399999999985e+03
4.909952513999999610e+03,1.400006399999999985e+03
4.913217413999999735e+03,1.400006399999999985e+03
4.916482313999999860e+03,1.400006399999999985e+03
4.919747213999999985e+03,1.400006399999999985e+03
4.923012113999999201e+03,1.400006399999999985e+03
4.926277013999999326e+03,1.400006399999999985e+03
4.929541913999999451e+03,1.400006399999999985e+03
4.932806813999999576e+03,1.400006399999999985e+03
4.936071713999999702e+03,1.400006399999999985e+03
4.939336613999999827e+03,1.400006399999999985e+03
4.942601513999999952e+03,1.400006399999999985e+03
4.945866413999999168e+03,1.400006399999999985e+03
4.949131313999999293e+03,1.400006399999999985e+03
4.952396213999999418e+03,1.400006399999999985e+03
4.955661113999999543e+03,1.400006399999999985e+03
4.958926013999999668e+03,1.400006399999999985e+03
4.962190913999999793e+03,1.400006399999999985e+03
4.965455813999999918e+03,1.400006399999999985e+03
4.968720713999999134e+03,1.400006399999999985e+03
4.971985613999999259e+03,1.400006399999999985e+03
4.975250513999999384e+03,1.400006399999999985e+03
4.978515413999999510e+03,1.400006399999999985e+03
4.981780313999999635e+03,1.400006399999999985e+03
4.985045213999999760e+03,1.400006399999999985e+03
4.988310113999999885e+03,1.400006399999999985e+03
4.991575013999999101e+03,1.400006399999999985e+03
4.994839913999999226e+03,1.400006399999999985e+03
4.998104813999999351e+03,1.400006399999999985e+03
5.001369713999999476e+03,1.400006399999999985e+03
5.004634613999999601e+03,1.400006399999999985e+03
5.007899513999999726e+03,1.400006399999999985e+03
5.011164413999999852e+03,1.400006399999999985e+03
5.014429313999999977e+03,1.400006399999999985e+03
5.017694213999999192e+03,1.400006399999999985e+03
5.020959113999999317e+03,1.400006399999999985e+03
5.024224013999999443e+03,1.400006399999999985e+03
5.027488913999999568e+03,1.400006399999999985e+03
5.030753813999999693e+03,1.400006399999999985e+03
5.034018713999999818e+03,1.400006399999999985e+03
5.037283613999999943e+03,1.400006399999999985e+03
5.040548513999999159e+03,1.400006399999999985e+03
5.043813413999999284e+03,1.400006399999999985e+03
5.047078313999999409e+03,1.400006399999999985e+03
5.050343213999999534e+03,1.400006399999999985e+03
5.053608113999999659e+03,1.400006399999999985e+03
5.056873013999999785e+03,1.400006399999999985e+03
5.060137913999999910e+03,1.400006399999999985e+03
5.063402813999999125e+03,1.400006399999999985e+03
5.066667713999999251e+03,1.400006399999999985e+03
5.069932613999999376e+03,1.400006399999999985e+03
5.073197513999999501e+03,1.400006399999999985e+03
5.076462413999999626e+03,1.400006399999999985e+03
5.079727313999999751e+03,1.400006399999999985e+03
5.082992213999999876e+03,1.400006399999999985e+03
5.086257113999999092e+03,1.400006399999999985e+03
5.089522013999999217e+03,1.400006399999999985e+03
5.092786913999999342e+03,1.400006399999999985e+03
5.096051813999999467e+03,1.400006399999999985e+03
5.099316713999999592e+03,1.400006399999999985e+03
5.102581613999999718e+03,1.400006399999999985e+03
5.105846513999999843e+03,1.400006399999999985e+03
5.109111413999999968e+03,1.400006399999999985e+03
5.112376313999999184e+03,1.400006399999999985e+03
5.115641213999999309e+03,1.401414857142857045e+03
5.118906113999999434e+03,1.402823314285714105e+03
5.122171013999999559e+03,1.404231771428571165e+03
5.125435913999999684e+03,1.405640228571428224e+03
5.128700813999999809e+03,1.407048685714285511e+03
5.131965713999999934e+03,1.408457142857142571e+03
5.135230613999999150e+03,1.409865599999999858e+03
5.138495513999999275e+03,1.409865599999999858e+03
5.141760413999999400e+03,1.409865599999999858e+03
5.145025313999999526e+03,1.409865599999999858e+03
5.148290213999999651e+03,1.409865599999999858e+03
5.151555113999999776e+03,1.409865599999999858e+03
5.154820013999999901e+03,1.409865599999999858e+03
5.158084913999999117e+03,1.409865599999999858e+03
5.161349813999999242e+03,1.409865599999999858e+03
5.164614713999999367e+03,1.409865599999999858e+03
5.167879613999999492e+03,1.409865599999999858e+03
5.171144513999999617e+03,1.409865599999999858e+03
5.174409413999999742e+03,1.409865599999999858e+03
5.177674313999999868e+03,1.409865599999999858e+03
5.180939213999999083e+03,1.409865599999999858e+03
5.184204113999999208e+03,1.409865599999999858e+03
5.187469013999999333e+03,1.409865599999999858e+03
5.190733913999999459e+03,1.409865599999999858e+03
5.193998813999999584e+03,1.409865599999999858e+03
5.197263713999999709e+03,1.409865599999999858e+03
5.200528613999999834e+03,1.409865599999999858e+03
5.203793513999999959e+03,1.409865599999999858e+03
5.207058413999999175e+03,1.409865599999999858e+03
5.210323313999999300e+03,1.409865599999999858e+03
5.213588213999999425e+03,1.409865599999999858e+03
5.216853113999999550e+03,1.409865599999999858e+03
5.220118013999999675e+03,1.409865599999999858e+03
5.223382913999999801e+03,1.409865599999999858e+03
5.226647813999999926e+03,1.409865599999999858e+03
5.229912713999999141e+03,1.409865599999999858e+03
5.233177613999999267e+03,1.409865599999999858e+03
5.236442513999999392e+03,1.409865599999999858e+03
5.239707413999999517e+03,1.409865599999999858e+03
5.242972313999999642e+03,1.409865599999999858e+03
5.246237213999999767e+03,1.409865599999999858e+03
5.249502113999999892e+03,1.409865599999999858e+03
5.252767013999999108e+03,1.409865599999999858e+03
5.256031913999999233e+03,1.409865599999999858e+03
5.259296813999999358e+03,1.409865599999999858e+03
5.262561713999999483e+03,1.409865599999999858e+03
5.265826613999999608e+03,1.409865599999999858e+03
5.269091513999999734e+03,1.409865599999999858e+03
5.272356413999999859e+03,1.409865599999999858e+03
5.275621313999999984e+03,1.409865599999999858e+03
5.278886213999999200e+03,1.409865599999999858e+03
5.282151113999999325e+03,1.409865599999999858e+03
5.285416013999999450e+03,1.409865599999999858e+03
5.288680913999999575e+03,1.409865599999999858e+03
5.291945813999999700e+03,1.409865599999999858e+03
5.295210713999999825e+03,1.409865599999999858e+03
5.298475613999999950e+03,1.409865599999999858e+03
5.301740513999999166e+03,1.409865599999999858e+03
5.305005413999999291e+03,1.409865599999999858e+03
5.308270313999999416e+03,1.409865599999999858e+03
5.311535213999999542e+03,1.409865599999999858e+03
5.314800113999999667e+03,1.409865599999999858e+03
5.318065013999999792e+03,1.409865599999999858e+03
5.321329913999999917e+03,1.409865599999999858e+03
5.324594813999999133e+03,1.409865599999999858e+03
5.327859713999999258e+03,1.409865599999999858e+03
5.331124613999999383e+03,1.409865599999999858e+03
5.334389513999999508e+03,1.409865599999999858e+03
5.337654413999999633e+03,1.409865599999999858e+03
5.340919313999999758e+03,1.409865599999999858e+03
5.344184213999999884e+03,1.409865599999999858e+03
5.347449113999999099e+03,1.409865599999999858e+03
5.350714013999999224e+03,1.409865599999999858e+03
5.353978913999999349e+03,1.409865599999999858e+03
5.357243813999999475e+03,1.409865599999999858e+03
5.360508713999999600e+03,1.409865599999999858e+03
5.363773613999999725e+03,1.409865599999999858e+03
5.367038513999999850e+03,1.409865599999999858e+03
5.370303413999999975e+03,1.409865599999999858e+03
5.373568313999999191e+03,1.409865599999999858e+03
5.376833213999999316e+03,1.409865599999999858e+03
5.380098113999999441e+03,1.409865599999999858e+03
5.383363013999999566e+03,1.409865599999999858e+03
5.386627913999999691e+03,1.409865599999999858e+03
5.389892813999999817e+03,1.409865599999999858e+03
5.393157713999999942e+03,1.409865599999999858e+03
5.396422613999999157e+03,1.409865599999999858e+03
5.399687513999999283e+03,1.409865599999999858e+03
5.402952413999999408e+03,1.409865599999999858e+03
5.406217313999999533e+03,1.409865599999999858e+03
5.409482213999999658e+03,1.409865599999999858e+03
5.412747113999999783e+03,1.409865599999999858e+03
5.416012013999999908e+03,1.409865599999999858e+03
5.419276913999999124e+03,1.409865599999999858e+03
5.422541813999999249e+03,1.409865599999999858e+03
5.425806713999999374e+03,1.409865599999999858e+03
5.429071613999999499e+03,1.409865599999999858e+03
5.432336513999999625e+03,1.409865599999999858e+03
5.435601413999999750e+03,1.409865599999999858e+03
5.438866313999999875e+03,1.409865599999999858e+03
5.442131213999999090e+03,1.409865599999999858e+03
5.445396113999999216e+03,1.409865599999999858e+03
5.448661013999999341e+03,1.409865599999999858e+03
5.451925913999999466e+03,1.409865599999999858e+03
5.455190813999999591e+03,1.409865599999999858e+03
5.458455713999999716e+03,1.409865599999999858e+03
5.461720613999999841e+03,1.409865599999999858e+03
5.464985513999999966e+03,1.409865599999999858e+03
5.468250413999999182e+03,1.409865599999999858e+03
5.471515313999999307e+03,1.409865599999999858e+03
5.474780213999999432e+03,1.409865599999999858e+03
5.478045113999999558e+03,1.409865599999999858e+03
5.481310013999999683e+03,1.409865599999999858e+03
5.484574913999999808e+03,1.409865599999999858e+03
5.487839813999999933e+03,1.409865599999999858e+03
5.491104713999999149e+03,1.409865599999999858e+03
5.494369613999999274e+03,1.409865599999999858e+03
5.497634513999999399e+03,1.409865599999999858e+03
5.500899413999999524e+03,1.409865599999999858e+03
5.504164313999999649e+03,1.409865599999999858e+03
5.507429213999999774e+03,1.409865599999999858e+03
5.510694113999999900e+03,1.409865599999999858e+03
5.513959013999999115e+03,1.409865599999999858e+03
5.517223913999999240e+03,1.409865599999999858e+03
5.520488813999999365e+03,1.409865599999999858e+03
5.523753713999999491e+03,1.409865599999999858e+03
5.527018613999999616e+03,1.409865599999999858e+03
5.530283513999999741e+03,1.409865599999999858e+03
5.533548413999999866e+03,1.409865599999999858e+03
5.536813313999999082e+03,1.409865599999999858e+03
5.540078213999999207e+03,1.409865599999999858e+03
5.543343113999999332e+03,1.409865599999999858e+03
5.546608013999999457e+03,1.409865599999999858e+03
5.549872913999999582e+03,1.409865599999999858e+03
5.553137813999999707e+03,1.409865599999999858e+03
5.556402713999999833e+03,1.409865599999999858e+03
5.559667613999999958e+03,1.408457142857142799e+03
5.562932513999999173e+03,1.407048685714285739e+03
5.566197413999999299e+03,1.405640228571428679e+03
5.569462313999999424e+03,1.404231771428571619e+03
5.572727213999999549e+03,1.402823314285714332e+03
5.575992113999999674e+03,1.401414857142857272e+03
5.579257013999999799e+03,1.400006399999999985e+03
5.582521913999999924e+03,1.400006399999999985e+03
5.585786813999999140e+03,1.400006399999999985e+03
5.589051713999999265e+03,1.400006399999999985e+03
5.592316613999999390e+03,1.400006399999999985e+03
5.595581513999999515e+03,1.400006399999999985e+03
5.598846413999999641e+03,1.400006399999999985e+03
5.602111313999999766e+03,1.400006399999999985e+03
5.605376213999999891e+03,1.400006399999999985e+03
5.608641113999999106e+03,1.400006399999999985e+03
5.611906013999999232e+03,1.400006399999999985e+03
5.615170913999999357e+03,1.400006399999999985e+03
5.618435813999999482e+03,1.400006399999999985e+03
5.621700713999999607e+03,1.400006399999999985e+03
5.624965613999999732e+03,1.400006399999999985e+03
5.628230513999999857e+03,1.400006399999999985e+03
5.631495413999999073e+03,1.400006399999999985e+03
5.634760313999999198e+03,1.400006399999999985e+03
5.638025213999999323e+03,1.400006399999999985e+03
5.641290113999999448e+03,1.400006399999999985e+03
5.644555013999999574e+03,1.400006399999999985e+03
5.647819913999999699e+03,1.400006399999999985e+03
5.651084813999999824e+03,1.400006399999999985e+03
5.654349713999999949e+03,1.400006399999999985e+03
5.657614613999999165e+03,1.400006399999999985e+03
5.660879513999999290e+03,1.400006399999999985e+03
5.664144413999999415e+03,1.400006399999999985e+03
5.667409313999999540e+03,1.400006399999999985e+03
5.670674213999999665e+03,1.400006399999999985e+03
5.673939113999999790e+03,1.400006399999999985e+03
5.677204013999999916e+03,1.400006399999999985e+03
5.680468913999999131e+03,1.400006399999999985e+03
5.683733813999999256e+03,1.400006399999999985e+03
5.686998713999999381e+03,1.400006399999999985e+03
5.690263613999999507e+03,1.277470628571428506e+03
5.693528513999999632e+03,1.154934857142857027e+03
5.696793413999999757e+03,1.032399085714285548e+03
5.700058313999999882e+03,9.084548571428568948e+02
5.703323213999999098e+03,7.845106285714283558e+02
5.706588113999999223e+03,6.605663999999998168e+02
5.709853013999999348e+03,5.352137142857143317e+02
5.713117913999999473e+03,5.323967999999999847e+02
5.716382813999999598e+03,5.286409142857141887e+02
5.719647713999999723e+03,5.248850285714285064e+02
5.722912613999999849e+03,5.225375999999999976e+02
5.726177513999999974e+03,5.201901714285713751e+02
5.729442413999999189e+03,5.178427428571428663e+02
5.732707313999999315e+03,5.169037714285714173e+02
5.735972213999999440e+03,5.145563428571429085e+02
5.739237113999999565e+03,5.131478857142857350e+02
5.742502013999999690e+03,5.117394285714285047e+02
5.745766913999999815e+03,5.103309714285713312e+02
5.749031813999999940e+03,5.089225142857142146e+02
5.752296713999999156e+03,5.061055999999999244e+02
5.755561613999999281e+03,5.032886857142856911e+02
5.758826513999999406e+03,5.018802285714285745e+02
5.762091413999999531e+03,5.004717714285714578e+02
5.765356313999999657e+03,4.990633142857142843e+02
5.768621213999999782e+03,4.967158857142857187e+02
5.771886113999999907e+03,4.943684571428570962e+02
5.775151013999999122e+03,4.934294857142856472e+02
5.778415913999999248e+03,4.924905142857141982e+02
5.781680813999999373e+03,4.915515428571428060e+02
5.784945713999999498e+03,4.906125714285713570e+02
5.788210613999999623e+03,4.882651428571428482e+02
5.791475513999999748e+03,4.868566857142857316e+02
5.794740413999999873e+03,4.854482285714286149e+02
5.798005313999999089e+03,4.840397714285714983e+02
5.801270213999999214e+03,4.826313142857143248e+02
5.804535113999999339e+03,4.798144000000000347e+02
5.807800013999999464e+03,4.769974857142856877e+02
5.811064913999999590e+03,4.755890285714285142e+02
5.814329813999999715e+03,4.741805714285713407e+02
5.817594713999999840e+03,4.727721142857142240e+02
5.820859613999999965e+03,4.713636571428570505e+02
5.824124513999999181e+03,4.699551999999999339e+02
5.827389413999999306e+03,4.699551999999999339e+02
5.830654313999999431e+03,4.690162285714285417e+02
5.833919213999999556e+03,4.680772571428571496e+02
5.837184113999999681e+03,4.671382857142857574e+02
5.840449013999999806e+03,4.661993142857143653e+02
5.843713913999999932e+03,4.652603428571429163e+02
5.846978813999999147e+03,4.643213714285715241e+02
5.850243713999999272e+03,4.633824000000000751e+02
5.853508613999999397e+03,4.633824000000000751e+02
5.856773513999999523e+03,4.633824000000000751e+02
5.860038413999999648e+03,4.633824000000000751e+02
5.863303313999999773e+03,4.633824000000000751e+02
5.866568213999999898e+03,4.619739428571429016e+02
5.869833113999999114e+03,4.605654857142857281e+02
5.873098013999999239e+03,4.591570285714285546e+02
5.876362913999999364e+03,4.577485714285713811e+02
5.879627813999999489e+03,4.563401142857142645e+02
5.882892713999999614e+03,4.549316571428570910e+02
5.886157613999999739e+03,4.535231999999999175e+02
5.889422513999999865e+03,4.535231999999999175e+02
5.892687413999999080e+03,4.535231999999999175e+02
5.895952313999999205e+03,4.535231999999999175e+02
5.899217213999999331e+03,4.535231999999999175e+02
5.902482113999999456e+03,4.535231999999999175e+02
5.905747013999999581e+03,4.535231999999999175e+02
5.909011913999999706e+03,4.521147428571428009e+02
5.912276813999999831e+03,4.507062857142856842e+02
5.915541713999999956e+03,4.492978285714285676e+02
5.918806613999999172e+03,4.478893714285714509e+02
5.922071513999999297e+03,4.464809142857142774e+02
5.925336413999999422e+03,4.450724571428571039e+02
5.928601313999999547e+03,4.436639999999999873e+02
5.931866213999999673e+03,4.436639999999999873e+02
5.935131113999999798e+03,4.436639999999999873e+02
5.938396013999999923e+03,4.436639999999999873e+02
5.941660913999999138e+03,4.436639999999999873e+02
5.944925813999999264e+03,4.436639999999999873e+02
5.948190713999999389e+03,4.436639999999999873e+02
5.951455613999999514e+03,4.436639999999999873e+02
5.954720513999999639e+03,4.436639999999999873e+02
5.957985413999999764e+03,4.436639999999999873e+02
5.961250313999999889e+03,4.436639999999999873e+02
5.964515213999999105e+03,4.436639999999999873e+02
5.967780113999999230e+03,4.436639999999999873e+02
5.971045013999999355e+03,4.436639999999999873e+02
5.974309913999999480e+03,4.436639999999999873e+02
5.977574813999999606e+03,4.436639999999999873e+02
5.980839713999999731e+03,4.436639999999999873e+02
5.984104613999999856e+03,4.436639999999999873e+02
5.987369513999999072e+03,4.427250285714285383e+02
5.990634413999999197e+03,4.417860571428570893e+02
5.993899313999999322e+03,4.408470857142856971e+02
5.997164213999999447e+03,4.408470857142856971e+02
6.000429113999999572e+03,4.408470857142857540e+02
6.003694013999999697e+03,4.408470857142857540e+02
6.006958913999999822e+03,4.408470857142857540e+02
6.010223813999999948e+03,4.417860571428571461e+02
6.013488713999999163e+03,4.455419428571428853e+02
6.016753613999999288e+03,4.492978285714285676e+02
6.020018513999999413e+03,4.521147428571428577e+02
6.023283413999999539e+03,4.558706285714285968e+02
6.026548313999999664e+03,4.596265142857142791e+02
6.029813213999999789e+03,4.647908571428571349e+02
6.033078113999999914e+03,4.699551999999999907e+02
6.036343013999999130e+03,4.723026285714286132e+02
6.039607913999999255e+03,4.784059428571428612e+02
6.042872813999999380e+03,4.845092571428571091e+02
6.046137713999999505e+03,4.896735999999999649e+02
6.049402613999999630e+03,4.985938285714285030e+02
6.052667513999999755e+03,5.061055999999999813e+02
6.055932413999999881e+03,5.136173714285713459e+02
6.059197314000000006e+03,5.272324571428571289e+02
6.062462214000000131e+03,5.370916571428571160e+02
6.065727114000000256e+03,5.544626285714285814e+02
6.068992014000000381e+03,5.718335999999999331e+02
6.072256914000000506e+03,5.854486857142857161e+02
6.075521814000000631e+03,6.028196571428571815e+02
6.078786713999999847e+03,6.201906285714286469e+02
6.082051613999999972e+03,6.314582857142856938e+02
6.085316514000000097e+03,6.441344000000000278e+02
6.088581414000000223e+03,6.492987428571428836e+02
6.091846314000000348e+03,6.558715428571429129e+02
6.095111214000000473e+03,6.624443428571428285e+02
6.098376114000000598e+03,6.652612571428571755e+02
6.101641013999999814e+03,6.690171428571427441e+02
6.104905913999999939e+03,6.727730285714284264e+02
6.108170814000000064e+03,6.751204571428570489e+02
6.111435714000000189e+03,6.774678857142856714e+02
6.114700614000000314e+03,6.784068571428571204e+02
6.117965514000000439e+03,6.793458285714285694e+02
6.121230414000000565e+03,6.802847999999999047e+02
6.124495314000000690e+03,6.802847999999999047e+02
6.127760213999999905e+03,6.802847999999999047e+02
6.131025114000000031e+03,6.802847999999999047e+02
6.134290014000000156e+03,6.802847999999999047e+02
6.137554914000000281e+03,6.816932571428570782e+02
6.140819814000000406e+03,6.831017142857142517e+02
6.144084714000000531e+03,6.845101714285714252e+02
6.147349614000000656e+03,6.859186285714284850e+02
6.150614513999999872e+03,6.873270857142856585e+02
6.153879413999999997e+03,6.887355428571428320e+02
6.157144314000000122e+03,6.901440000000000055e+02
6.160409214000000247e+03,6.901440000000000055e+02
6.163674114000000372e+03,6.901440000000000055e+02
6.166939014000000498e+03,6.901440000000000055e+02
6.170203914000000623e+03,6.901440000000000055e+02
6.173468813999999838e+03,6.901440000000000055e+02
6.176733713999999964e+03,6.901440000000000055e+02
6.179998614000000089e+03,6.901440000000000055e+02
6.183263514000000214e+03,6.901440000000000055e+02
6.186528414000000339e+03,6.901440000000000055e+02
6.189793314000000464e+03,6.901440000000000055e+02
6.193058214000000589e+03,6.901440000000000055e+02
6.196323113999999805e+03,6.901440000000000055e+02
6.199588013999999930e+03,6.901440000000000055e+02
6.202852914000000055e+03,6.901440000000000055e+02
6.206117814000000180e+03,6.901440000000000055e+02
6.209382714000000306e+03,6.901440000000000055e+02
6.212647614000000431e+03,6.901440000000000055e+02
6.215912514000000556e+03,6.901440000000000055e+02
6.219177414000000681e+03,6.901440000000000055e+02
6.222442313999999897e+03,6.901440000000000055e+02
6.225707214000000022e+03,6.901440000000000055e+02
6.228972114000000147e+03,6.901440000000000055e+02
6.232237014000000272e+03,6.901440000000000055e+02
6.235501914000000397e+03,6.901440000000000055e+02
6.238766814000000522e+03,6.901440000000000055e+02
6.242031714000000648e+03,6.901440000000000055e+02
6.245296613999999863e+03,6.901440000000000055e+02
6.248561513999999988e+03,6.901440000000000055e+02
6.251826414000000113e+03,6.901440000000000055e+02
6.255091314000000239e+03,6.901440000000000055e+02
6.258356214000000364e+03,6.901440000000000055e+02
6.261621114000000489e+03,6.901440000000000055e+02
6.264886014000000614e+03,6.901440000000000055e+02
6.268150913999999830e+03,6.901440000000000055e+02
6.271415813999999955e+03,6.901440000000000055e+02
6.274680714000000080e+03,6.901440000000000055e+02
6.277945614000000205e+03,6.901440000000000055e+02
6.281210514000000330e+03,6.901440000000000055e+02
6.284475414000000455e+03,6.887355428571428320e+02
6.287740314000000581e+03,6.873270857142856585e+02
6.291005213999999796e+03,6.859186285714284850e+02
6.294270113999999921e+03,6.845101714285714252e+02
6.297535014000000047e+03,6.831017142857142517e+02
6.300799914000000172e+03,6.816932571428570782e+02
6.304064814000000297e+03,6.802847999999999047e+02
6.307329714000000422e+03,6.802847999999999047e+02
6.310594614000000547e+03,6.802847999999999047e+02
6.313859514000000672e+03,6.802847999999999047e+02
6.317124413999999888e+03,6.802847999999999047e+02
6.320389314000000013e+03,6.802847999999999047e+02
6.323654214000000138e+03,6.802847999999999047e+02
6.326919114000000263e+03,6.802847999999999047e+02
6.330184014000000388e+03,6.802847999999999047e+02
6.333448914000000514e+03,6.802847999999999047e+02
6.336713814000000639e+03,6.793458285714284557e+02
6.339978713999999854e+03,6.784068571428570067e+02
6.343243613999999980e+03,6.774678857142855577e+02
6.346508514000000105e+03,6.765289142857141087e+02
6.349773414000000230e+03,6.755899428571426597e+02
6.353038314000000355e+03,6.755899428571427734e+02
6.356303214000000480e+03,6.755899428571427734e+02
6.359568114000000605e+03,6.765289142857142224e+02
6.362833013999999821e+03,6.812237714285714674e+02
6.366097913999999946e+03,6.859186285714285987e+02
6.369362814000000071e+03,6.906134857142857300e+02
6.372627714000000196e+03,6.990642285714285435e+02
6.375892614000000322e+03,7.065759999999999081e+02
6.379157514000000447e+03,7.192521142857142422e+02
6.382422414000000572e+03,7.319282285714285763e+02
6.385687314000000697e+03,7.408484571428571144e+02
6.388952213999999913e+03,7.497686857142857662e+02
6.392217114000000038e+03,7.586889142857143042e+02
6.395482014000000163e+03,7.638532571428571600e+02
6.398746914000000288e+03,7.554025142857142328e+02
6.402011814000000413e+03,7.417874285714285634e+02
6.405276714000000538e+03,7.253554285714284333e+02
6.408541614000000664e+03,7.089234285714285306e+02
6.411806513999999879e+03,6.924914285714285143e+02
6.415071414000000004e+03,6.751204571428570489e+02
6.418336314000000129e+03,6.577494857142855835e+02
6.421601214000000255e+03,6.539935999999999012e+02
6.424866114000000380e+03,6.502377142857142189e+02
6.428131014000000505e+03,6.492987428571427699e+02
6.431395914000000630e+03,6.469513142857142611e+02
6.434660813999999846e+03,6.446038857142855250e+02
6.437925713999999971e+03,6.431954285714284651e+02
6.441190614000000096e+03,6.131483428571428931e+02
6.444455514000000221e+03,5.831012571428570936e+02
6.447720414000000346e+03,5.530541714285714079e+02
6.450985314000000471e+03,5.230070857142857221e+02
6.454250214000000597e+03,4.943684571428570962e+02
6.457515113999999812e+03,4.657298285714285271e+02
6.460780013999999937e+03,4.370912000000000148e+02
6.464044914000000063e+03,4.370912000000000148e+02
6.467309814000000188e+03,4.370912000000000148e+02
6.470574714000000313e+03,4.370912000000000148e+02
6.473839614000000438e+03,4.370912000000000148e+02
6.477104514000000563e+03,4.370912000000000148e+02
6.480369414000000688e+03,4.370912000000000148e+02
6.483634313999999904e+03,4.370912000000000148e+02
6.486899214000000029e+03,4.370912000000000148e+02
6.490164114000000154e+03,4.370912000000000148e+02
6.493429014000000279e+03,4.370912000000000148e+02
6.496693914000000404e+03,4.370912000000000148e+02
6.499958814000000530e+03,4.370912000000000148e+02
6.503223714000000655e+03,4.370912000000000148e+02
6.506488613999999870e+03,4.370912000000000148e+02
6.509753513999999996e+03,4.370912000000000148e+02
6.513018414000000121e+03,4.370912000000000148e+02
6.516283314000000246e+03,4.370912000000000148e+02
6.519548214000000371e+03,4.370912000000000148e+02
6.522813114000000496e+03,4.370912000000000148e+02
6.526078014000000621e+03,4.370912000000000148e+02
6.529342913999999837e+03,4.370912000000000148e+02
6.532607813999999962e+03,4.370912000000000148e+02
6.535872714000000087e+03,4.370912000000000148e+02
6.539137614000000212e+03,4.370912000000000148e+02
6.542402514000000338e+03,4.370912000000000148e+02
6.545667414000000463e+03,4.370912000000000148e+02
6.548932314000000588e+03,4.370912000000000148e+02
6.552197213999999803e+03,4.370912000000000148e+02
6.555462113999999929e+03,4.370912000000000148e+02
6.558727014000000054e+03,4.370912000000000148e+02
6.561991914000000179e+03,4.370912000000000148e+02
6.565256814000000304e+03,4.370912000000000148e+02
6.568521714000000429e+03,4.370912000000000148e+02
6.571786614000000554e+03,4.370912000000000148e+02
6.575051514000000680e+03,4.370912000000000148e+02
6.578316413999999895e+03,4.370912000000000148e+02
6.581581314000000020e+03,4.370912000000000148e+02
6.584846214000000145e+03,4.370912000000000148e+02
6.588111114000000271e+03,4.370912000000000148e+02
6.591376014000000396e+03,4.370912000000000148e+02
6.594640914000000521e+03,4.370912000000000148e+02
6.597905814000000646e+03,4.370912000000000148e+02
6.601170713999999862e+03,4.370912000000000148e+02
6.604435613999999987e+03,4.370912000000000148e+02
6.607700514000000112e+03,4.370912000000000148e+02
6.610965414000000237e+03,4.370912000000000148e+02
6.614230314000000362e+03,4.370912000000000148e+02
6.617495214000000487e+03,4.370912000000000148e+02
6.620760114000000613e+03,4.370912000000000148e+02
6.624025013999999828e+03,4.370912000000000148e+02
6.627289913999999953e+03,4.370912000000000148e+02
6.630554814000000079e+03,4.370912000000000148e+02
6.633819714000000204e+03,4.370912000000000148e+02
6.637084614000000329e+03,4.370912000000000148e+02
6.640349514000000454e+03,4.370912000000000148e+02
6.643614414000000579e+03,4.370912000000000148e+02
6.646879313999999795e+03,4.370912000000000148e+02
6.650144213999999920e+03,4.370912000000000148e+02
6.653409114000000045e+03,4.370912000000000148e+02
6.656674014000000170e+03,4.370912000000000148e+02
6.659938914000000295e+03,4.370912000000000148e+02
6.663203814000000420e+03,4.370912000000000148e+02
6.666468714000000546e+03,4.370912000000000148e+02
6.669733614000000671e+03,4.370912000000000148e+02
6.672998513999999886e+03,4.370912000000000148e+02
6.676263414000000012e+03,4.370912000000000148e+02
6.679528314000000137e+03,4.370912000000000148e+02
6.682793214000000262e+03,4.370912000000000148e+02
6.686058114000000387e+03,4.370912000000000148e+02
6.689323014000000512e+03,4.370912000000000148e+02
6.692587914000000637e+03,4.370912000000000148e+02
6.695852813999999853e+03,4.370912000000000148e+02
6.699117713999999978e+03,4.370912000000000148e+02
6.702382614000000103e+03,4.370912000000000148e+02
6.705647514000000228e+03,4.370912000000000148e+02
6.708912414000000354e+03,4.370912000000000148e+02
6.712177314000000479e+03,4.370912000000000148e+02
6.715442214000000604e+03,4.370912000000000148e+02
6.718707113999999819e+03,4.370912000000000148e+02
6.721972013999999945e+03,4.370912000000000148e+02
6.725236914000000070e+03,4.370912000000000148e+02
6.728501814000000195e+03,4.370912000000000148e+02
6.731766714000000320e+03,4.370912000000000148e+02
6.735031614000000445e+03,4.370912000000000148e+02
6.738296514000000570e+03,4.370912000000000148e+02
6.741561413999999786e+03,4.370912000000000148e+02
6.744826313999999911e+03,4.370912000000000148e+02
6.748091214000000036e+03,4.370912000000000148e+02
6.751356114000000161e+03,4.370912000000000148e+02
6.754621014000000287e+03,4.370912000000000148e+02
6.757885914000000412e+03,4.370912000000000148e+02
6.761150814000000537e+03,4.370912000000000148e+02
6.764415714000000662e+03,4.370912000000000148e+02
6.767680613999999878e+03,4.370912000000000148e+02
6.770945514000000003e+03,4.370912000000000148e+02
6.774210414000000128e+03,4.370912000000000148e+02
6.777475314000000253e+03,4.370912000000000148e+02
6.780740214000000378e+03,4.370912000000000148e+02
6.784005114000000503e+03,4.370912000000000148e+02
6.787270014000000629e+03,4.370912000000000148e+02
6.790534913999999844e+03,4.370912000000000148e+02
6.793799813999999969e+03,4.370912000000000148e+02
6.797064714000000095e+03,4.370912000000000148e+02
6.800329614000000220e+03,4.370912000000000148e+02
6.803594514000000345e+03,4.370912000000000148e+02
6.806859414000000470e+03,4.370912000000000148e+02
6.810124314000000595e+03,4.370912000000000148e+02
6.813389213999999811e+03,4.370912000000000148e+02
6.816654113999999936e+03,4.370912000000000148e+02
6.819919014000000061e+03,4.370912000000000148e+02
6.823183914000000186e+03,4.370912000000000148e+02
6.826448814000000311e+03,4.370912000000000148e+02
6.829713714000000436e+03,4.370912000000000148e+02
6.832978614000000562e+03,4.370912000000000148e+02
6.836243514000000687e+03,4.370912000000000148e+02
6.839508413999999902e+03,4.370912000000000148e+02
6.842773314000000028e+03,4.370912000000000148e+02
6.846038214000000153e+03,4.370912000000000148e+02
6.849303114000000278e+03,4.370912000000000148e+02
6.852568014000000403e+03,4.370912000000000148e+02
6.855832914000000528e+03,4.370912000000000148e+02
6.859097814000000653e+03,4.370912000000000148e+02
6.862362713999999869e+03,4.370912000000000148e+02
6.865627613999999994e+03,4.370912000000000148e+02
6.868892514000000119e+03,4.370912000000000148e+02
6.872157414000000244e+03,4.370912000000000148e+02
6.875422314000000370e+03,4.370912000000000148e+02
6.878687214000000495e+03,4.370912000000000148e+02
6.881952114000000620e+03,4.370912000000000148e+02
6.885217013999999836e+03,4.370912000000000148e+02
6.888481913999999961e+03,4.370912000000000148e+02
6.891746814000000086e+03,4.370912000000000148e+02
6.895011714000000211e+03,4.370912000000000148e+02
6.898276614000000336e+03,4.370912000000000148e+02
6.901541514000000461e+03,4.370912000000000148e+02
6.904806414000000586e+03,4.370912000000000148e+02
6.908071313999999802e+03,4.370912000000000148e+02
6.911336213999999927e+03,4.370912000000000148e+02
6.914601114000000052e+03,4.370912000000000148e+02
6.917866014000000177e+03,4.370912000000000148e+02
6.921130914000000303e+03,4.370912000000000148e+02
6.924395814000000428e+03,4.370912000000000148e+02
6.927660714000000553e+03,4.370912000000000148e+02
6.930925614000000678e+03,4.370912000000000148e+02
6.934190513999999894e+03,4.370912000000000148e+02
6.937455414000000019e+03,4.370912000000000148e+02
6.940720314000000144e+03,4.370912000000000148e+02
6.943985214000000269e+03,4.370912000000000148e+02
6.947250114000000394e+03,4.370912000000000148e+02
6.950515014000000519e+03,4.370912000000000148e+02
6.953779914000000645e+03,4.380301714285714638e+02
6.957044813999999860e+03,4.389691428571429128e+02
6.960309713999999985e+03,4.399081142857143050e+02
6.963574614000000111e+03,4.408470857142857540e+02
6.966839514000000236e+03,4.417860571428571461e+02
6.970104414000000361e+03,4.427250285714285951e+02
6.973369314000000486e+03,4.436639999999999873e+02
6.976634214000000611e+03,4.436639999999999873e+02
6.979899113999999827e+03,4.436639999999999873e+02
6.983164013999999952e+03,4.436639999999999873e+02
6.986428914000000077e+03,4.436639999999999873e+02
6.989693814000000202e+03,4.436639999999999873e+02
6.992958714000000327e+03,4.436639999999999873e+02
6.996223614000000453e+03,4.436639999999999873e+02
6.999488514000000578e+03,4.436639999999999873e+02
7.002753413999999793e+03,4.436639999999999873e+02
7.006018313999999918e+03,4.436639999999999873e+02
7.009283214000000044e+03,4.436639999999999873e+02
7.012548114000000169e+03,4.436639999999999873e+02
7.015813014000000294e+03,4.436639999999999873e+02
7.019077914000000419e+03,4.436639999999999873e+02
7.022342814000000544e+03,4.436639999999999873e+02
7.025607714000000669e+03,4.427250285714285383e+02
7.028872613999999885e+03,4.417860571428570893e+02
7.032137514000000010e+03,4.408470857142856971e+02
7.035402414000000135e+03,4.399081142857142481e+02
7.038667314000000260e+03,4.389691428571428560e+02
7.041932214000000386e+03,4.380301714285714070e+02
7.045197114000000511e+03,4.370912000000000148e+02
7.048462014000000636e+03,4.370912000000000148e+02
7.051726913999999852e+03,4.380301714285714638e+02
7.054991813999999977e+03,4.389691428571429128e+02
7.058256714000000102e+03,4.399081142857143050e+02
7.061521614000000227e+03,4.408470857142857540e+02
7.064786514000000352e+03,4.417860571428571461e+02
7.068051414000000477e+03,4.427250285714285951e+02
7.071316314000000602e+03,4.436639999999999873e+02
7.074581213999999818e+03,4.436639999999999873e+02
7.077846113999999943e+03,4.436639999999999873e+02
7.081111014000000068e+03,4.436639999999999873e+02
7.084375914000000193e+03,4.436639999999999873e+02
7.087640814000000319e+03,4.436639999999999873e+02
7.090905714000000444e+03,4.436639999999999873e+02
7.094170614000000569e+03,4.436639999999999873e+02
7.097435513999999785e+03,4.436639999999999873e+02
7.100700413999999910e+03,4.436639999999999873e+02
7.103965314000000035e+03,4.436639999999999873e+02
7.107230214000000160e+03,4.436639999999999873e+02
7.110495114000000285e+03,4.436639999999999873e+02
7.113760014000000410e+03,4.436639999999999873e+02
7.117024914000000535e+03,4.436639999999999873e+02
7.120289814000000661e+03,4.436639999999999873e+02
7.123554713999999876e+03,4.436639999999999873e+02
7.126819614000000001e+03,4.436639999999999873e+02
7.130084514000000127e+03,4.436639999999999873e+02
7.133349414000000252e+03,4.436639999999999873e+02
7.136614314000000377e+03,4.436639999999999873e+02
7.139879214000000502e+03,4.436639999999999873e+02
7.143144114000000627e+03,4.436639999999999873e+02
7.146409013999999843e+03,4.436639999999999873e+02
7.149673913999999968e+03,4.436639999999999873e+02
7.152938814000000093e+03,4.436639999999999873e+02
7.156203714000000218e+03,4.436639999999999873e+02
7.159468614000000343e+03,4.436639999999999873e+02
7.162733514000000469e+03,4.436639999999999873e+02
7.165998414000000594e+03,4.436639999999999873e+02
7.169263313999999809e+03,4.436639999999999873e+02
7.172528213999999934e+03,4.436639999999999873e+02
7.175793114000000060e+03,4.436639999999999873e+02
7.179058014000000185e+03,4.436639999999999873e+02
7.182322914000000310e+03,4.436639999999999873e+02
7.185587814000000435e+03,4.436639999999999873e+02
7.188852714000000560e+03,4.436639999999999873e+02
7.192117613999999776e+03,4.436639999999999873e+02
7.195382513999999901e+03,4.436639999999999873e+02
7.198647414000000026e+03,4.436639999999999873e+02
7.201912314000000151e+03,4.436639999999999873e+02
7.205177214000000276e+03,4.436639999999999873e+02
7.208442114000000402e+03,4.436639999999999873e+02
7.211707014000000527e+03,4.436639999999999873e+02
7.214971914000000652e+03,4.436639999999999873e+02
7.218236813999999868e+03,4.436639999999999873e+02
7.221501713999999993e+03,4.436639999999999873e+02
7.224766614000000118e+03,4.436639999999999873e+02
7.228031514000000243e+03,4.436639999999999873e+02
7.231296414000000368e+03,4.436639999999999873e+02
7.234561314000000493e+03,4.436639999999999873e+02
7.237826214000000618e+03,4.436639999999999873e+02
7.241091113999999834e+03,4.436639999999999873e+02
7.244356013999999959e+03,4.436639999999999873e+02
7.247620914000000084e+03,4.436639999999999873e+02
7.250885814000000209e+03,4.436639999999999873e+02
7.254150714000000335e+03,4.436639999999999873e+02
7.257415614000000460e+03,4.436639999999999873e+02
7.260680514000000585e+03,4.436639999999999873e+02
7.263945413999999801e+03,4.436639999999999873e+02
7.267210313999999926e+03,4.436639999999999873e+02
7.270475214000000051e+03,4.436639999999999873e+02
7.273740114000000176e+03,4.436639999999999873e+02
7.277005014000000301e+03,4.436639999999999873e+02
7.280269914000000426e+03,4.436639999999999873e+02
7.283534814000000551e+03,4.436639999999999873e+02
7.286799714000000677e+03,4.436639999999999873e+02
7.290064613999999892e+03,4.436639999999999873e+02
7.293329514000000017e+03,4.436639999999999873e+02
7.296594414000000143e+03,4.436639999999999873e+02
7.299859314000000268e+03,4.436639999999999873e+02
7.303124214000000393e+03,4.436639999999999873e+02
7.306389114000000518e+03,4.436639999999999873e+02
7.309654014000000643e+03,4.436639999999999873e+02
7.312918913999999859e+03,4.436639999999999873e+02
7.316183813999999984e+03,4.436639999999999873e+02
7.319448714000000109e+03,4.436639999999999873e+02
7.322713614000000234e+03,4.436639999999999873e+02
7.325978514000000359e+03,4.436639999999999873e+02
7.329243414000000485e+03,4.436639999999999873e+02
7.332508314000000610e+03,4.436639999999999873e+02
7.335773213999999825e+03,4.436639999999999873e+02
7.339038113999999950e+03,4.436639999999999873e+02
7.342303014000000076e+03,4.436639999999999873e+02
7.345567914000000201e+03,4.436639999999999873e+02
7.348832814000000326e+03,4.436639999999999873e+02
7.352097714000000451e+03,4.436639999999999873e+02
7.355362614000000576e+03,4.436639999999999873e+02
7.358627513999999792e+03,4.436639999999999873e+02
7.361892413999999917e+03,4.436639999999999873e+02
7.365157314000000042e+03,4.436639999999999873e+02
7.368422214000000167e+03,4.436639999999999873e+02
7.371687114000000292e+03,4.436639999999999873e+02
7.374952014000000418e+03,4.436639999999999873e+02
7.378216914000000543e+03,4.436639999999999873e+02
7.381481814000000668e+03,4.436639999999999873e+02
7.384746713999999884e+03,4.436639999999999873e+02
7.388011614000000009e+03,4.436639999999999873e+02
7.391276514000000134e+03,4.436639999999999873e+02
7.394541414000000259e+03,4.436639999999999873e+02
7.397806314000000384e+03,4.436639999999999873e+02
7.401071214000000509e+03,4.436639999999999873e+02
7.404336114000000634e+03,4.436639999999999873e+02
7.407601013999999850e+03,4.436639999999999873e+02
7.410865913999999975e+03,4.436639999999999873e+02
7.414130814000000100e+03,4.436639999999999873e+02
7.417395714000000225e+03,4.436639999999999873e+02
7.420660614000000351e+03,4.436639999999999873e+02
7.423925514000000476e+03,4.436639999999999873e+02
7.427190414000000601e+03,4.436639999999999873e+02
7.430455313999999817e+03,4.436639999999999873e+02
7.433720213999999942e+03,4.436639999999999873e+02
7.436985114000000067e+03,4.436639999999999873e+02
7.440250014000000192e+03,4.436639999999999873e+02
7.443514914000000317e+03,4.436639999999999873e+02
7.446779814000000442e+03,4.436639999999999873e+02
7.450044714000000567e+03,4.502367999999999597e+02
7.453309613999999783e+03,4.568095999999999322e+02
7.456574513999999908e+03,4.633823999999999614e+02
7.459839414000000033e+03,4.737110857142856730e+02
7.463104314000000159e+03,4.840397714285714414e+02
7.466369214000000284e+03,4.943684571428571530e+02
7.469634114000000409e+03,5.084530285714286038e+02
7.472899014000000534e+03,5.159647999999999683e+02
7.476163914000000659e+03,5.258239999999999554e+02
7.479428813999999875e+03,5.356831999999999425e+02
7.482693714000000000e+03,5.417865142857142473e+02
7.485958614000000125e+03,5.502372571428570609e+02
7.489223514000000250e+03,5.586879999999998745e+02
7.492488414000000375e+03,5.633828571428570058e+02
7.495753314000000501e+03,5.732420571428569929e+02
7.499018214000000626e+03,5.807538285714284712e+02
7.502283113999999841e+03,5.906130285714285719e+02
7.505548013999999966e+03,6.004722285714285590e+02
7.508812914000000092e+03,6.079840000000000373e+02
7.512077814000000217e+03,6.192516571428571979e+02
7.515342714000000342e+03,6.305193142857143584e+02
7.518607614000000467e+03,6.366226285714285495e+02
7.521872514000000592e+03,6.455428571428572013e+02
7.525137413999999808e+03,6.521156571428571169e+02
7.528402313999999933e+03,6.624443428571428285e+02
7.531667214000000058e+03,6.727730285714285401e+02
7.534932114000000183e+03,6.793458285714285694e+02
7.538197014000000308e+03,6.896745142857142810e+02
7.541461914000000434e+03,7.000031999999999925e+02
7.544726814000000559e+03,7.075149714285713571e+02
7.547991713999999774e+03,7.173741714285713442e+02
7.551256613999999900e+03,7.234774857142856490e+02
7.554521514000000025e+03,7.333366857142857498e+02
7.557786414000000150e+03,7.431958857142857369e+02
7.561051314000000275e+03,7.492991999999999280e+02
7.564316214000000400e+03,7.591583999999999151e+02
7.567581114000000525e+03,7.690175999999999021e+02
7.570846014000000650e+03,7.765293714285713804e+02
7.574110913999999866e+03,7.877970285714284273e+02
7.577375813999999991e+03,7.953088000000000193e+02
7.580640714000000116e+03,8.051680000000001201e+02
7.583905614000000242e+03,8.150271999999999935e+02
7.587170514000000367e+03,8.211305142857142982e+02
7.590435414000000492e+03,8.309897142857141716e+02
7.593700314000000617e+03,8.408489142857141587e+02
7.596965213999999833e+03,8.469522285714284635e+02
7.600230113999999958e+03,8.568114285714285643e+02
7.603495014000000083e+03,8.643232000000000426e+02
7.606759914000000208e+03,8.755908571428572031e+02
7.610024814000000333e+03,8.868585142857142500e+02
7.613289714000000458e+03,8.943702857142857283e+02
7.616554614000000583e+03,9.046989714285713262e+02
7.619819513999999799e+03,9.150276571428570378e+02
7.623084413999999924e+03,9.216004571428569534e+02
7.626349314000000049e+03,9.305206857142856052e+02
7.629614214000000175e+03,9.356850285714284610e+02
7.632879114000000300e+03,9.446052571428569991e+02
7.636144014000000425e+03,9.535254857142856508e+02
7.639408914000000550e+03,9.596287999999998419e+02
7.642673813999999766e+03,9.671405714285713202e+02
7.645938713999999891e+03,9.746523428571427985e+02
7.649203614000000016e+03,9.798166857142856543e+02
7.652468514000000141e+03,9.873284571428571326e+02
7.655733414000000266e+03,9.910843428571427012e+02
7.658998314000000391e+03,9.962486857142856707e+02
7.662263214000000517e+03,1.001413028571428413e+03
7.665528114000000642e+03,1.005168914285714209e+03
7.668793013999999857e+03,1.009863771428571340e+03
7.672057913999999982e+03,1.014558628571428471e+03
7.675322814000000108e+03,1.016906057142857094e+03
7.678587714000000233e+03,1.020661942857142890e+03
7.681852614000000358e+03,1.023009371428571399e+03
7.685117514000000483e+03,1.026765257142857081e+03
7.688382414000000608e+03,1.030521142857142877e+03
7.691647313999999824e+03,1.033338057142856997e+03
7.694912213999999949e+03,1.037093942857142792e+03
7.698177114000000074e+03,1.040849828571428361e+03
7.701442014000000199e+03,1.043197257142857097e+03
7.704706914000000324e+03,1.045544685714285606e+03
7.707971814000000450e+03,1.046483657142857055e+03
7.711236714000000575e+03,1.048831085714285564e+03
7.714501613999999790e+03,1.051178514285714300e+03
7.717766513999999916e+03,1.052586971428571360e+03
7.721031414000000041e+03,1.055403885714285707e+03
7.724296314000000166e+03,1.058220799999999826e+03
7.727561214000000291e+03,1.061037714285714173e+03
7.730826114000000416e+03,1.063854628571428520e+03
7.734091014000000541e+03,1.065263085714285808e+03
7.737355913999999757e+03,1.067610514285714316e+03
7.740620813999999882e+03,1.069957942857142825e+03
7.743885714000000007e+03,1.070896914285714274e+03
7.747150614000000132e+03,1.071835885714285723e+03
7.750415514000000258e+03,1.072774857142857172e+03
7.753680414000000383e+03,1.073713828571428621e+03
7.756945314000000508e+03,1.074652800000000070e+03
7.760210214000000633e+03,1.074652800000000070e+03
7.763475113999999849e+03,1.074652800000000070e+03
7.766740013999999974e+03,1.074652800000000070e+03
7.770004914000000099e+03,1.074652800000000070e+03
7.773269814000000224e+03,1.076061257142857357e+03
7.776534714000000349e+03,1.077469714285714417e+03
7.779799614000000474e+03,1.078878171428571477e+03
7.783064514000000599e+03,1.080286628571428537e+03
7.786329413999999815e+03,1.081695085714285597e+03
7.789594313999999940e+03,1.083103542857142656e+03
7.792859214000000065e+03,1.084511999999999944e+03
7.796124114000000191e+03,1.084511999999999944e+03
7.799389014000000316e+03,1.084511999999999944e+03
7.802653914000000441e+03,1.084511999999999944e+03
7.805918814000000566e+03,1.084511999999999944e+03
7.809183713999999782e+03,1.084511999999999944e+03
7.812448613999999907e+03,1.084511999999999944e+03
7.815713514000000032e+03,1.084511999999999944e+03
7.818978414000000157e+03,1.084511999999999944e+03
7.822243314000000282e+03,1.084511999999999944e+03
7.825508214000000407e+03,1.084511999999999944e+03
7.828773114000000533e+03,1.084511999999999944e+03
7.832038014000000658e+03,1.084511999999999944e+03
7.835302913999999873e+03,1.084511999999999944e+03
7.838567813999999998e+03,1.084511999999999944e+03
7.841832714000000124e+03,1.085920457142857003e+03
7.845097614000000249e+03,1.087328914285714291e+03
7.848362514000000374e+03,1.088737371428571350e+03
7.851627414000000499e+03,1.090145828571428410e+03
7.854892314000000624e+03,1.091554285714285470e+03
7.858157213999999840e+03,1.092962742857142757e+03
7.861422113999999965e+03,1.094371200000000044e+03
7.864687014000000090e+03,1.094371200000000044e+03
7.867951914000000215e+03,1.094371200000000044e+03
7.871216814000000340e+03,1.094371200000000044e+03
7.874481714000000466e+03,1.094371200000000044e+03
7.877746614000000591e+03,1.094371200000000044e+03
7.881011513999999806e+03,1.094371200000000044e+03
7.884276413999999932e+03,1.094371200000000044e+03
7.887541314000000057e+03,1.094371200000000044e+03
7.890806214000000182e+03,1.094371200000000044e+03
7.894071114000000307e+03,1.094371200000000044e+03
7.897336014000000432e+03,1.094371200000000044e+03
7.900600914000000557e+03,1.094371200000000044e+03
7.903865813999999773e+03,1.094371200000000044e+03
7.907130713999999898e+03,1.094371200000000044e+03
7.910395614000000023e+03,1.094371200000000044e+03
7.913660514000000148e+03,1.094371200000000044e+03
7.916925414000000274e+03,1.094371200000000044e+03
7.920190314000000399e+03,1.094371200000000044e+03
7.923455214000000524e+03,1.094371200000000044e+03
7.926720114000000649e+03,1.094371200000000044e+03
7.929985013999999865e+03,1.094371200000000044e+03
7.933249913999999990e+03,1.094371200000000044e+03
7.936514814000000115e+03,1.094371200000000044e+03
7.939779714000000240e+03,1.094371200000000044e+03
7.943044614000000365e+03,1.094371200000000044e+03
7.946309514000000490e+03,1.094371200000000044e+03
7.949574414000000615e+03,1.094371200000000044e+03
7.952839313999999831e+03,1.094371200000000044e+03
7.956104213999999956e+03,1.094371200000000044e+03
7.959369114000000081e+03,1.094371200000000044e+03
7.962634014000000207e+03,1.094371200000000044e+03
7.965898914000000332e+03,1.094371200000000044e+03
7.969163814000000457e+03,1.094371200000000044e+03
7.972428714000000582e+03,1.094371200000000044e+03
7.975693613999999798e+03,1.094371200000000044e+03
7.978958513999999923e+03,1.094371200000000044e+03
7.982223414000000048e+03,1.094371200000000044e+03
7.985488314000000173e+03,1.094371200000000044e+03
7.988753214000000298e+03,1.094371200000000044e+03
7.992018114000000423e+03,1.094371200000000044e+03
7.995283014000000549e+03,1.094371200000000044e+03
7.998547913999999764e+03,1.094371200000000044e+03
8.001812813999999889e+03,1.094371200000000044e+03
8.005077714000000014e+03,1.094371200000000044e+03
8.008342614000000140e+03,1.094371200000000044e+03
8.011607514000000265e+03,1.094371200000000044e+03
8.014872414000000390e+03,1.094371200000000044e+03
8.018137314000000515e+03,1.094371200000000044e+03
8.021402214000000640e+03,1.094371200000000044e+03
8.024667113999999856e+03,1.094371200000000044e+03
8.027932013999999981e+03,1.094371200000000044e+03
8.031196914000000106e+03,1.094371200000000044e+03
8.034461814000000231e+03,1.094371200000000044e+03
8.037726714000000356e+03,1.094371200000000044e+03
8.040991614000000482e+03,1.094371200000000044e+03
8.044256514000000607e+03,1.094371200000000044e+03
8.047521413999999822e+03,1.094371200000000044e+03
8.050786313999999948e+03,1.094371200000000044e+03
8.054051214000000073e+03,1.094371200000000044e+03
8.057316114000000198e+03,1.094371200000000044e+03
8.060581014000000323e+03,1.094371200000000044e+03
8.063845914000000448e+03,1.094371200000000044e+03
8.067110814000000573e+03,1.094371200000000044e+03
8.070375713999999789e+03,1.094371200000000044e+03
8.073640613999999914e+03,1.094371200000000044e+03
8.076905514000000039e+03,1.094371200000000044e+03
8.080170414000000164e+03,1.094371200000000044e+03
8.083435314000000290e+03,1.094371200000000044e+03
8.086700214000000415e+03,1.094371200000000044e+03
8.089965114000000540e+03,1.094371200000000044e+03
8.093230013999999755e+03,1.094371200000000044e+03
8.096494913999999881e+03,1.094371200000000044e+03
8.099759814000000006e+03,1.094371200000000044e+03
8.103024714000000131e+03,1.094371200000000044e+03
8.106289614000000256e+03,1.094371200000000044e+03
8.109554514000000381e+03,1.094371200000000044e+03
8.112819414000000506e+03,1.094371200000000044e+03
8.116084314000000631e+03,1.094371200000000044e+03
8.119349213999999847e+03,1.094371200000000044e+03
8.122614113999999972e+03,1.094371200000000044e+03
8.125879014000000097e+03,1.094371200000000044e+03
8.129143914000000223e+03,1.094371200000000044e+03
8.132408814000000348e+03,1.094371200000000044e+03
8.135673714000000473e+03,1.094371200000000044e+03
8.138938614000000598e+03,1.094371200000000044e+03
8.142203513999999814e+03,1.094371200000000044e+03
8.145468413999999939e+03,1.094371200000000044e+03
8.148733314000000064e+03,1.094371200000000044e+03
8.151998214000000189e+03,1.094371200000000044e+03
8.155263114000000314e+03,1.094371200000000044e+03
8.158528014000000439e+03,1.094371200000000044e+03
8.161792914000000565e+03,1.094371200000000044e+03
8.165057813999999780e+03,1.094371200000000044e+03
8.168322713999999905e+03,1.094371200000000044e+03
8.171587614000000031e+03,1.094371200000000044e+03
8.174852514000000156e+03,1.094371200000000044e+03
8.178117414000000281e+03,1.094371200000000044e+03
8.181382314000000406e+03,1.094371200000000044e+03
8.184647214000000531e+03,1.094371200000000044e+03
8.187912113999999747e+03,1.094371200000000044e+03
8.191177013999999872e+03,1.094371200000000044e+03
8.194441914000000907e+03,1.094371200000000044e+03
8.197706814000001032e+03,1.094371200000000044e+03
